X,Y
0.0,1.4522388413162067e-05
1.0,4.4268446448215436e-05
2.0,0.0001276639020567562
3.0,0.0003483048711660325
4.0,0.0008990184039376702
5.0,0.0021953067702305392
6.0,0.005071535286084264
7.0,0.011084121727579065
8.0,0.022918211453659132
9.0,0.044830931005251866
10.0,0.0829645179769676
11.0,0.1452528395822087
12.0,0.24058828121350154
13.0,0.37700048659176866
14.0,0.5588907989754475
15.0,0.7838439868804912
16.0,1.0400398141599105
17.0,1.305533674974481
18.0,1.550401954552081
19.0,1.741885545548381
20.0,1.8514703982320975
21.0,1.861845919111868
22.0,1.7714274359351567
23.0,1.594855379817641
24.0,1.3593332651568641
25.0,1.0981879340200802
26.0,0.8439325459195185
27.0,0.6230194393481462
28.0,0.4535188276887543
29.0,0.34565833359570675
30.0,0.30408999912918994
31.0,0.33029835155003623
32.0,0.4238009285424603
33.0,0.5815448775760185
34.0,0.7958595536191267
35.0,1.052137762733896
36.0,1.32777153786981
37.0,1.5935641497043198
38.0,1.8179111954380442
39.0,1.9728212901829285
40.0,2.039880200613812
41.0,2.0140643400631464
42.0,1.904051816881783
43.0,1.729042577919262
44.0,1.513419135858468
45.0,1.2812212002373158
46.0,1.052130355985924
47.0,0.8397273787916213
48.0,0.6517556058041528
49.0,0.4914989149504014
50.0,0.35933819348475005
51.0,0.2539188397506039
52.0,0.17281962252038782
53.0,0.11290348651034285
54.0,0.0705811312767449
55.0,0.042111675850418286
56.0,0.023933598418594746
57.0,0.012951376825616399
58.0,0.006713068049674739
59.0,0.003467015299713571
60.0,0.002140243517668379
61.0,0.0023138354306835
62.0,0.004279114134940815
63.0,0.009247715471584194
64.0,0.01975708197652087
65.0,0.04024790034570339
66.0,0.07767690873418862
67.0,0.14187264319753362
68.0,0.24519432056604978
69.0,0.40102348427991796
70.0,0.6208420126528246
71.0,0.9102180134499392
72.0,1.2648707162872237
73.0,1.6688401622650477
74.0,2.0972093317015026
75.0,2.525401206347606
76.0,2.945639955195812
77.0,3.3889317974775
78.0,3.948368783150763
79.0,4.797220449094258
80.0,6.193625733119709
81.0,8.463307861448156
82.0,11.953574014743246
83.0,16.957189843786246
84.0,23.614202076340764
85.0,31.812042001630445
86.0,41.11492613499755
87.0,50.75626212832126
88.0,59.717130640886374
89.0,66.88969959827268
90.0,71.2936902563646
91.0,72.28929767626347
92.0,69.72356981374112
93.0,63.964473379195205
94.0,55.81235309441059
95.0,46.318136215062594
96.0,36.56539312303863
97.0,27.478984317880766
98.0,19.706493470669493
99.0,13.589148194696067
100.0,9.20944832716888
101.0,6.48372117927756
102.0,5.263372328599672
103.0,5.416300129469561
104.0,6.8736798160981385
105.0,9.640684832888855
106.0,13.778342481987703
107.0,19.366212039711904
108.0,26.453379020503334
109.0,35.00198717553597
110.0,44.82741074672537
111.0,55.54453585564697
112.0,66.53838432549804
113.0,76.98264887163133
114.0,85.92361389573989
115.0,92.42650875075103
116.0,95.75334994242856
117.0,95.52043034088554
118.0,91.78374049907892
119.0,85.02496592113441
120.0,76.04810185532315
121.0,65.82783902091212
122.0,55.36037698358649
123.0,45.55312763781559
124.0,37.163001488766426
125.0,30.76963837408201
126.0,26.761086340113078
127.0,25.316212242879903
128.0,26.383541367508652
129.0,29.67035486875785
130.0,34.66082798634435
131.0,40.674775570233315
132.0,46.96209759109711
133.0,52.81033233748648
134.0,57.633825122473596
135.0,61.019469628488615
136.0,62.723973564882876
137.0,62.64048565611063
138.0,60.764489100977244
139.0,57.182403595666685
140.0,52.08546284941651
141.0,45.78986813683104
142.0,38.73608392473954
143.0,31.450412344623345
144.0,24.47352608483073
145.0,18.279646787856688
146.0,13.215407976619657
147.0,9.477216872171272
148.0,7.127243259167211
149.0,6.131675049611566
150.0,6.3984613976106415
151.0,7.7971401953285495
152.0,10.156571564705727
153.0,13.250619094474336
154.0,16.790365453704673
155.0,20.44023107881502
156.0,23.86437877133797
157.0,26.793473810414856
158.0,29.08781951786229
159.0,30.768741584063743
160.0,31.999633436376484
161.0,33.0185393852015
162.0,34.046632775406096
163.0,35.21020466933466
164.0,36.50988278966714
165.0,37.849760374704125
166.0,39.10992710246342
167.0,40.22295297516643
168.0,41.210952902440724
169.0,42.158920915108986
170.0,43.133899934743745
171.0,44.09106792845445
172.0,44.81955246358944
173.0,44.96498034245163
174.0,44.12948217455685
175.0,42.01171857278819
176.0,38.529430338246776
177.0,33.87510807004782
178.0,28.48639281895024
179.0,22.949792559925708
180.0,17.88055462145665
181.0,13.822795565836417
182.0,11.194763432328118
183.0,10.276708126814457
184.0,11.21793274183388
185.0,14.034958954839045
186.0,18.585475744736947
187.0,24.52569402296381
188.0,31.27988457581173
189.0,38.05840372920136
190.0,43.94812558334714
191.0,48.07001591114458
192.0,49.76513249725406
193.0,48.74940998352679
194.0,45.18152765303759
195.0,39.61735652827834
196.0,32.86616167844186
197.0,25.798547254386254
198.0,19.168777777630083
199.0,13.501308965400131
200.0,9.062331563234364
201.0,5.9069610345896635
202.0,3.973511221082596
203.0,3.1917090699709596
204.0,3.5772672129182017
205.0,5.293178775891894
206.0,8.663111870980101
207.0,14.12478252390689
208.0,22.11671569195538
209.0,32.9067965852541
210.0,46.396902566576024
211.0,61.966783982896395
212.0,78.4357147754104
213.0,94.20464651493609
214.0,107.58779300328786
215.0,117.26390778924392
216.0,122.70633986234056
217.0,124.42520595987374
218.0,123.89790216732888
219.0,123.1688699637388
220.0,124.22875936101626
221.0,128.38448897655275
222.0,135.8604022570074
223.0,145.80842745786543
224.0,156.7674720362079
225.0,167.44375123974822
226.0,177.54334517086616
227.0,188.33007374020272
228.0,202.63616050141533
229.0,224.21454709126172
230.0,256.5472272032649
231.0,301.44346291006116
232.0,357.89643018902547
233.0,421.65287607858363
234.0,485.76448836611104
235.0,542.0703686293396
236.0,583.2112850131232
237.0,604.5401893914717
238.0,605.2900546456187
239.0,588.6201987629038
240.0,560.5919598199968
241.0,528.5340826625668
242.0,499.45113337072644
243.0,479.0074852447666
244.0,471.24835860542737
245.0,478.7987506263396
246.0,503.04624054801224
247.0,543.9043190918806
248.0,599.1264642309976
249.0,663.5831350255988
250.0,729.1490161829948
251.0,785.6984801021486
252.0,823.2089483271068
253.0,834.3723680037457
254.0,816.7444176209858
255.0,773.5423859420156
256.0,712.7175439916132
257.0,644.6234909447481
258.0,579.1374871565314
259.0,523.2299463742359
260.0,479.701281319561
261.0,447.2969347791788
262.0,421.92268501153785
263.0,398.3963445531743
264.0,372.1368727805765
265.0,340.3449114894442
266.0,302.4660412643358
267.0,259.9619946872743
268.0,215.5920463971988
269.0,172.49903467506985
270.0,133.39192191515534
271.0,100.03021532672233
272.0,73.08066753606367
273.0,52.285596837634124
274.0,36.80149827718832
275.0,25.555895156662018
276.0,17.516033388957485
277.0,11.83086330014398
278.0,7.8639863064646
279.0,5.162130696368426
280.0,3.4025596673655496
281.0,2.3464158465718086
282.0,1.8072322964073115
283.0,1.6327635361513018
284.0,1.6950394258959716
285.0,1.885013156147457
286.0,2.1105458851300227
287.0,2.297472373093391
288.0,2.3928788020813734
289.0,2.3685473995782966
290.0,2.2220245545593444
291.0,1.973544429861251
292.0,1.6587785382539295
293.0,1.319177683066245
294.0,0.9926282915004881
295.0,0.7068875467446993
296.0,0.4770931034712917
297.0,0.30729999441161665
298.0,0.1952314988950363
299.0,0.13968707526149718
300.0,0.15137375763246716
301.0,0.27001560773468114
302.0,0.5927929492178029
303.0,1.3202624459861483
304.0,2.8239072999884374
305.0,5.7317542452004995
306.0,11.013125645278139
307.0,20.0218992458606
308.0,34.43724929911506
309.0,56.03656280181487
310.0,86.26461602821747
311.0,125.63535283016056
312.0,173.10485052043663
313.0,225.6448656080641
314.0,278.2671309571262
315.0,324.65460282087855
316.0,358.35274629568517
317.0,374.2337315087595
318.0,369.7831280226217
319.0,345.7686084639485
320.0,306.0506626012022
321.0,256.6046652910713
322.0,204.10074825060468
323.0,154.50971899945765
324.0,112.1303735007216
325.0,79.22344536833211
326.0,56.20168114698181
327.0,42.164278973487185
328.0,35.52020517241289
329.0,34.5002992768075
330.0,37.46084398224538
331.0,42.98083285623541
332.0,49.8217667231722
333.0,56.844176665883296
334.0,62.963613200519255
335.0,67.19068659719916
336.0,68.74927647827514
337.0,67.22266052447081
338.0,62.65711598285453
339.0,55.56580555348394
340.0,46.816372775596776
341.0,37.433779134027844
342.0,28.382261087853596
343.0,20.392987713363567
344.0,13.879312883291858
345.0,8.94465111074179
346.0,5.4571038396594505
347.0,3.151334276963935
348.0,1.7224520892578628
349.0,0.8915071949102841
350.0,0.43830857110393423
351.0,0.2083190504634812
352.0,0.10456401332241458
353.0,0.07447036694354477
354.0,0.09811499198232038
355.0,0.18071607661610958
356.0,0.34935203240345386
357.0,0.651927130420205
358.0,1.1551266404221658
359.0,1.937572722193472
360.0,3.0750607732152053
361.0,4.617169280142
362.0,6.55868920357211
363.0,8.814063644835487
364.0,11.206060481279525
365.0,13.478679637588971
366.0,15.337668324013944
367.0,16.511591419332213
368.0,16.816519890358197
369.0,16.2032046598641
370.0,14.770095729385927
371.0,12.73747378050273
372.0,10.39204207251096
373.0,8.021139879646084
374.0,5.857184230775139
375.0,4.046311209186436
376.0,2.6445227033446175
377.0,1.635132890610861
378.0,0.9564832198005714
379.0,0.5293291461721119
380.0,0.2771642638266009
381.0,0.13739798156073352
382.0,0.06476022214755453
383.0,0.029866186982864085
384.0,0.015887472205001196
385.0,0.015543683286654978
386.0,0.029864475022490258
387.0,0.06973568389305404
388.0,0.1611076003095536
389.0,0.35456684944884104
390.0,0.73921775796308
391.0,1.4589573131160907
392.0,2.7261199875532713
393.0,4.823866947041691
394.0,8.086573277952548
395.0,12.8496522674385
396.0,19.368948676790055
397.0,27.724349775470113
398.0,37.73737996539096
399.0,48.93940184990481
400.0,60.61757696387378
401.0,71.9389542554815
402.0,82.11884770063617
403.0,90.57581485557047
404.0,97.01766198940663
405.0,101.43305509120766
406.0,104.00613048362726
407.0,105.00246231644314
408.0,104.6764278419508
409.0,103.22450941526934
410.0,100.7765291374097
411.0,97.40030867270605
412.0,93.10350459096327
413.0,87.83797178203528
414.0,81.52564381562743
415.0,74.11707804361532
416.0,65.66949155308112
417.0,56.40932607515175
418.0,46.74287391293548
419.0,37.20030362213709
420.0,28.330313317088418
421.0,20.585392453177075
422.0,14.239291927209024
423.0,9.360508174553262
424.0,5.840426408189263
425.0,3.455599594190828
426.0,1.9375192357101612
427.0,1.0289724322149358
428.0,0.5174246940972981
429.0,0.24630295525532192
430.0,0.11096735824398057
431.0,0.04731188996929551
432.0,0.01908794152167946
433.0,0.007287240750410115
434.0,0.002634353032605762
435.0,0.0009087238246274584
436.0,0.00032357582436443814
437.0,0.00019782130642087998
438.0,0.00036771115814968324
439.0,0.0010232193242245878
440.0,0.0028585153564182012
441.0,0.0075980509166124815
442.0,0.019116576370247797
443.0,0.0455047473832112
444.0,0.10247615964219224
445.0,0.2183266518491667
446.0,0.44005634230632207
447.0,0.839126461198335
448.0,1.5137848299500938
449.0,2.5835595802546685
450.0,4.171482388625245
451.0,6.372061338625622
452.0,9.208461600972027
453.0,12.589596627929541
454.0,16.283739641144216
455.0,19.92572281610434
456.0,23.06702677336979
457.0,25.2631066295231
458.0,26.175771503095078
459.0,25.658415111382414
460.0,23.79456466284393
461.0,20.875808309392593
462.0,17.32712216846526
463.0,13.605896877232315
464.0,10.107541027684912
465.0,7.103648293208501
466.0,4.723185359476222
467.0,2.9710237842449754
468.0,1.7680513238357756
469.0,0.9954081846330916
470.0,0.5301822053546752
471.0,0.26715707973249275
472.0,0.12735788206385082
473.0,0.05743843114356544
474.0,0.024507381452140962
475.0,0.009892563626198286
476.0,0.00377779505880879
477.0,0.0013648519250408966
478.0,0.0004664985304908813
479.0,0.00015084559656029821
480.0,4.614587273962352e-05
481.0,1.3355379533046362e-05
482.0,3.657724637352778e-06
483.0,9.528248297792537e-07
484.0,2.6046388064014545e-07
485.0,1.8876500430950917e-07
486.0,6.196253746777889e-07
487.0,2.5924313566546936e-06
488.0,1.0441366250657764e-05
489.0,3.9819911558869335e-05
490.0,0.0001436760561415924
491.0,0.0004904500025637844
492.0,0.0015839219055983665
493.0,0.004839562502133608
494.0,0.013990022212694147
495.0,0.038263098119086396
496.0,0.09901585618656826
497.0,0.24244397411865728
498.0,0.5617295641011101
499.0,1.2316606166003061
500.0,2.5559805778212743
501.0,5.021164675601504
502.0,9.339888160217189
503.0,16.45599380441934
504.0,27.47700355067077
505.0,43.50921737026798
506.0,65.40043751905453
507.0,93.44235559595508
508.0,127.12973749861295
509.0,165.08736425729887
510.0,205.2344427019853
511.0,245.16255599192056
512.0,282.5966937995373
513.0,315.7517249553524
514.0,343.4363636689708
515.0,364.8872917327455
516.0,379.46925102410665
517.0,386.4578353720645
518.0,385.0719888387702
519.0,374.766300581829
520.0,355.6251614702816
521.0,328.6280892099349
522.0,295.6225080676984
523.0,259.00055713197884
524.0,221.22774721694483
525.0,184.42641344331653
526.0,150.1583909309712
527.0,119.43233357255606
528.0,92.85976690335816
529.0,70.84978902302204
530.0,53.762174899925526
531.0,41.99234630437022
532.0,35.997697222597544
533.0,36.27751042494377
534.0,43.30188753541226
535.0,57.37513661006027
536.0,78.43363154815526
537.0,105.81435521267815
538.0,138.06737162171024
539.0,172.89842462736584
540.0,207.30341977688008
541.0,237.90139709429675
542.0,261.4095915045299
543.0,275.1589597247353
544.0,277.5358266476523
545.0,268.2538346854267
546.0,248.3988103131229
547.0,220.23585749636527
548.0,186.81579109041894
549.0,151.46119590657275
550.0,117.24161797441444
551.0,86.55067410032602
552.0,60.868565390340684
553.0,40.73838126542581
554.0,25.9236842779335
555.0,15.671551420899062
556.0,8.993670049551138
557.0,4.896712641455122
558.0,2.528075727802421
559.0,1.2371031683674387
560.0,0.573584426531231
561.0,0.2519053763718822
562.0,0.10476655594230391
563.0,0.041254281254945055
564.0,0.01537830822724764
565.0,0.005426083631627469
566.0,0.0018120021596168552
567.0,0.000572650769324108
568.0,0.00017125825544768176
569.0,4.8464192901370105e-05
570.0,1.297717231066085e-05
571.0,3.2878669753609953e-06
572.0,7.881554257536938e-07
573.0,1.7875726043863395e-07
574.0,3.8358559971895194e-08
575.0,7.787566605006581e-09
576.0,1.4958133780701692e-09
577.0,2.718225303056355e-10
578.0,4.67329167659476e-11
579.0,7.601290520380005e-12
580.0,1.1697064233774685e-12
581.0,1.7029033376634854e-13
582.0,2.345446248958543e-14
583.0,3.0562042252898644e-15
584.0,3.7675575085291203e-16
585.0,4.3939761620641913e-17
586.0,4.848474354044406e-18
587.0,5.099927594917829e-19
588.0,9.254867774629373e-20
589.0,4.4177524384682165e-19
590.0,4.2462684119218975e-18
591.0,3.901769431277575e-17
592.0,3.3921481202736214e-16
593.0,2.790011485364921e-15
594.0,2.1709747795042976e-14
595.0,1.5981633455332828e-13
596.0,1.113025600554575e-12
597.0,7.33342309284492e-12
598.0,4.571154817287503e-11
599.0,2.695645133839836e-10
600.0,1.5038935908608834e-09
601.0,7.937597960409904e-09
602.0,3.9634984075553796e-08
603.0,1.872345013168101e-07
604.0,8.367788005022728e-07
605.0,3.537961152394523e-06
606.0,1.4151844609866085e-05
607.0,5.3553843236077975e-05
608.0,0.00019172812938121947
609.0,0.0006493795793358887
610.0,0.0020807936813995592
611.0,0.0063077869145379255
612.0,0.018090168334303464
613.0,0.04908240149850651
614.0,0.12598725152357754
615.0,0.3059461584599957
616.0,0.7028797267019778
617.0,1.5276879403900274
618.0,3.1412747785225195
619.0,6.110755364574333
620.0,11.246092915821803
621.0,19.58062107850538
622.0,32.25297427985609
623.0,50.26117386235309
624.0,74.09983776771634
625.0,103.35426794995513
626.0,136.38803673188949
627.0,170.28743964248326
628.0,201.18425529866803
629.0,224.962387691903
630.0,238.20054966981647
631.0,239.0806125875707
632.0,227.96577152971057
633.0,207.4476979866957
634.0,181.8391011708425
635.0,156.26645998393624
636.0,135.6199870995764
637.0,123.6147758042998
638.0,122.13771390787772
639.0,130.95867690515394
640.0,147.81721985453459
641.0,168.8615103256692
642.0,189.38560109350945
643.0,204.757091094277
644.0,211.35592325516856
645.0,207.29837927723307
646.0,192.74596254224008
647.0,169.71101781560492
648.0,141.4320988278518
649.0,111.53085213918565
650.0,83.21515446334666
651.0,58.74182252248098
652.0,39.23009430753899
653.0,24.78638855213748
654.0,14.815857595676274
655.0,8.378357555347911
656.0,4.4823837141402825
657.0,2.268699530610588
658.0,1.0863321394828367
659.0,0.49211422801649757
660.0,0.21090498075853625
661.0,0.08551166470019379
662.0,0.032800577570912336
663.0,0.011902966834595921
664.0,0.004086453461405176
665.0,0.0013272584285368041
666.0,0.0004078326836444291
667.0,0.00011855671650270673
668.0,3.260527735011777e-05
669.0,8.483347070262031e-06
670.0,2.088161921501955e-06
671.0,4.862713795482267e-07
672.0,1.0712993626361633e-07
673.0,2.2328553245460176e-08
674.0,4.402789504253604e-09
675.0,8.213208746983123e-10
676.0,1.4494905885379767e-10
677.0,2.4201124121030883e-11
678.0,3.8227269524693014e-12
679.0,5.71253163962204e-13
680.0,8.07609759905559e-14
681.0,1.0801699702281774e-14
682.0,1.3667851142994183e-15
683.0,1.6361607929225303e-16
684.0,1.8529739896821757e-17
685.0,1.985318845495505e-18
686.0,2.012374509033243e-19
687.0,1.929767331600175e-20
688.0,1.7507280624422718e-21
689.0,1.5026230150849228e-22
690.0,1.2201099819362708e-23
691.0,9.372717433885267e-25
692.0,6.811608341264595e-26
693.0,4.683293906505482e-27
694.0,3.0462865885265383e-28
695.0,1.8745960773481863e-29
696.0,1.0913454690108741e-30
697.0,6.010829315406562e-32
698.0,3.132017228323004e-33
699.0,1.5439438046461639e-34
700.0,7.200396901172031e-36
701.0,3.1768666374828994e-37
702.0,1.3260476545633043e-38
703.0,5.236449021961928e-40
704.0,1.9562854664458332e-41
705.0,6.914251576764847e-43
706.0,2.311935569196733e-44
707.0,7.31347660158064e-46
708.0,2.1887170759822916e-47
709.0,6.19687843351299e-49
710.0,1.6598694323021976e-50
711.0,4.206224785337601e-52
712.0,1.0083902305057371e-53
713.0,2.287085398236987e-55
714.0,4.907425702740945e-57
715.0,9.961911646192737e-59
716.0,1.913150952443645e-60
717.0,3.4759489650915657e-62
718.0,5.974686811086968e-64
719.0,9.715709000228389e-66
720.0,1.4946911141815796e-67
721.0,2.1754344772508064e-69
722.0,2.995423012443679e-71
723.0,3.902005858427124e-73
724.0,4.808784029292664e-75
725.0,5.606608465723697e-77
726.0,6.184189437282187e-79
727.0,6.453316140129784e-81
728.0,6.370898676624697e-83
729.0,5.950261540314557e-85
730.0,5.257617809739953e-87
731.0,4.395006997007377e-89
732.0,3.4757435787412396e-91
733.0,2.600479818614237e-93
734.0,1.8406738679921717e-95
735.0,1.2325876330712946e-97
736.0,7.808657342906433e-100
737.0,4.68007190521674e-102
738.0,2.6536661585247843e-104
739.0,1.4235005744511983e-106
740.0,7.224147552080005e-109
741.0,3.468431878518447e-111
742.0,1.5754235418835668e-113
743.0,6.769850731482145e-116
744.0,2.75219027213309e-118
745.0,1.0585111040783833e-120
746.0,3.851500702246734e-123
747.0,1.325812608538335e-125
748.0,4.3176944827176363e-128
749.0,1.330268394337298e-130
750.0,3.8774345918321185e-133
751.0,1.1540880214281819e-135
752.0,3.140025522625989e-134
753.0,1.0989028415373795e-131
754.0,3.6386609990109073e-129
755.0,1.1398337073656631e-126
756.0,3.377994952172185e-124
757.0,9.470962063010533e-122
758.0,2.512157118398308e-119
759.0,6.3040129920461446e-117
760.0,1.4965974513863983e-114
761.0,3.361324983358605e-112
762.0,7.142226288665664e-110
763.0,1.4357350697729115e-107
764.0,2.73043983863099e-105
765.0,4.912567326756947e-103
766.0,8.361843196720361e-101
767.0,1.3465209769380093e-98
768.0,2.0513597412749976e-96
769.0,2.956569776184323e-94
770.0,4.031364231838726e-92
771.0,5.200361612809338e-90
772.0,6.346476112816899e-88
773.0,7.327390820071622e-86
774.0,8.003568434078616e-84
775.0,8.270572436345833e-82
776.0,8.08546640607534e-80
777.0,7.478115777696483e-78
778.0,6.543300907901756e-76
779.0,5.4165056575838964e-74
780.0,4.2418871436014133e-72
781.0,3.142799091256561e-70
782.0,2.2028845059266304e-68
783.0,1.460778734978494e-66
784.0,9.16420399859348e-65
785.0,5.439045083498924e-63
786.0,3.05399392933641e-61
787.0,1.622300419888168e-59
788.0,8.152897683447551e-58
789.0,3.8762368322391614e-56
790.0,1.7435171197893045e-54
791.0,7.419245272766478e-53
792.0,2.986832316093485e-51
793.0,1.1375737311397611e-49
794.0,4.0988862704044295e-48
795.0,1.3972360498632305e-46
796.0,4.5060011325421414e-45
797.0,1.3747711544504171e-43
798.0,3.968141279408447e-42
799.0,1.0835811500199373e-40
800.0,2.7993252215288225e-39
801.0,6.84168182207175e-38
802.0,1.5819399342619454e-36
803.0,3.4604669531108945e-35
804.0,7.161385015463648e-34
805.0,1.402093385841e-32
806.0,2.5970150016395427e-31
807.0,4.550819144538095e-30
808.0,7.544358107732271e-29
809.0,1.1832393757210236e-27
810.0,1.7556604780146467e-26
811.0,2.4644842796483963e-25
812.0,3.2728731410331236e-24
813.0,4.1119695715153005e-23
814.0,4.88751623196333e-22
815.0,5.4959672179998256e-21
816.0,5.846792144827494e-20
817.0,5.884489284831388e-19
818.0,5.602959693727403e-18
819.0,5.047122207023494e-17
820.0,4.3011812419856487e-16
821.0,3.4677618627063698e-15
822.0,2.6450165230331474e-14
823.0,1.9086447980429028e-13
824.0,1.3029850625374213e-12
825.0,8.415334072508377e-12
826.0,5.141867556844519e-11
827.0,2.972268309312876e-10
828.0,1.6254467121968443e-09
829.0,8.409594634111844e-09
830.0,4.116185971230297e-08
831.0,1.9060422124471156e-07
832.0,8.350022415375068e-07
833.0,3.4606714367449205e-06
834.0,1.3569089152173526e-05
835.0,5.033367304187981e-05
836.0,0.00017663800532912788
837.0,0.0005864449898315571
838.0,0.00184199314305971
839.0,0.005473515324769237
840.0,0.015387294570716487
841.0,0.04092378532188291
842.0,0.10296910265332701
843.0,0.24510696848111804
844.0,0.5519782808281704
845.0,1.1759962064014238
846.0,2.3703225729239312
847.0,4.519876665787856
848.0,8.153861243235996
849.0,13.916103474089901
850.0,22.469302045183152
851.0,34.322515961814204
852.0,49.6005222622804
853.0,67.8126917259267
854.0,87.71084960581193
855.0,107.3280533664696
856.0,124.24839507137365
857.0,136.07737503729757
858.0,140.99335952430783
859.0,138.20666742125687
860.0,128.16721027061445
861.0,112.44560054242126
862.0,93.33093258134379
863.0,73.28689852887219
864.0,54.44333000288318
865.0,38.26314107380386
866.0,25.440998803410103
867.0,16.003143384629197
868.0,9.523444072299077
869.0,5.3616736390297906
870.0,2.8557771557611313
871.0,1.439016771205145
872.0,0.6860013907120058
873.0,0.3093867690501249
874.0,0.1320067316324358
875.0,0.053285374217164165
876.0,0.020348741845899104
877.0,0.007351647997336708
878.0,0.0025127509579674395
879.0,0.0008125157539163091
880.0,0.0002485602824204323
881.0,7.193649563310328e-05
882.0,1.9696289617084224e-05
883.0,5.101961370351392e-06
884.0,1.2502806527329736e-06
885.0,2.8986478421431545e-07
886.0,6.357714205689878e-08
887.0,1.3192410230138208e-08
888.0,2.5897921458152832e-09
889.0,4.809766194944746e-10
890.0,8.4514683553526e-11
891.0,1.4095791810775096e-11
892.0,2.5557040322791833e-12
893.0,2.6730247550318856e-12
894.0,1.504535346834447e-11
895.0,9.079252084874297e-11
896.0,5.198695442423452e-10
897.0,2.8163359518817492e-09
898.0,1.4434201476945787e-08
899.0,6.998720998020674e-08
900.0,3.210422565373753e-07
901.0,1.393231606258387e-06
902.0,5.720079137079402e-06
903.0,2.221766206577594e-05
904.0,8.164174461577102e-05
905.0,0.0002838205235636382
906.0,0.0009334539921447763
907.0,0.0029044214688710326
908.0,0.008549563839988037
909.0,0.0238092590985472
910.0,0.06272857229511469
911.0,0.1563516703785984
912.0,0.36868651056574847
913.0,0.8224880011860747
914.0,1.7358791800985343
915.0,3.4659877065771396
916.0,6.547147753369514
917.0,11.700242589618437
918.0,19.781316472864944
919.0,31.639755309347528
920.0,47.87718874593069
921.0,68.5396318450827
922.0,92.82661063857142
923.0,118.93805162973818
924.0,144.1739332311365
925.0,165.3370839907836
926.0,179.37891851615083
927.0,184.11540565600242
928.0,178.78309748599682
929.0,164.24054816564302
930.0,142.74204510858465
931.0,117.36565962577592
932.0,91.2951640878634
933.0,67.18496626754816
934.0,46.77502558403752
935.0,30.8087135535138
936.0,19.197766066018023
937.0,11.317367707679077
938.0,6.3118658249070885
939.0,3.330333225904693
940.0,1.6623988224710187
941.0,0.7850554904660773
942.0,0.35073821573820974
943.0,0.14824614941748315
944.0,0.059279066430643144
945.0,0.02242522914948068
946.0,0.008025831247650573
947.0,0.0027174449738818843
948.0,0.0008704605510777903
949.0,0.00026378799646497935
950.0,7.56272946673547e-05
951.0,2.0512552296629e-05
952.0,5.263546182537833e-06
953.0,1.27777614116784e-06
954.0,2.934598639488597e-07
955.0,6.376175311942519e-08
956.0,1.3106580139132293e-08
957.0,2.548802154412346e-09
958.0,4.689218439928654e-10
959.0,8.161733371396656e-11
960.0,1.343946381641987e-11
961.0,2.093625898661671e-12
962.0,3.0855587644928586e-13
963.0,4.3021560797946184e-14
964.0,5.674872427987193e-15
965.0,7.081799779507324e-16
966.0,8.36081830083918e-17
967.0,9.338379670482691e-18
968.0,9.867607561909327e-19
969.0,9.864380398283493e-20
970.0,9.329220421680126e-21
971.0,8.3471553710160265e-22
972.0,7.065603147280938e-23
973.0,5.658190753071083e-24
974.0,4.286704321411234e-25
975.0,3.07246591213103e-26
976.0,2.08337869215764e-27
977.0,1.3364938457328313e-28
978.0,8.111166358531245e-30
979.0,4.657118135469393e-31
980.0,2.5296987193242645e-32
981.0,1.2999838214369506e-33
982.0,6.320110832891589e-35
983.0,2.9068929701628102e-36
984.0,1.264884845182037e-37
985.0,5.2070354835216153e-39
986.0,2.027905371163752e-40
987.0,7.471751753209678e-42
988.0,2.6044425568630325e-43
989.0,8.588646589109566e-45
990.0,2.679490873709259e-46
991.0,7.90856033471435e-48
992.0,2.2083107297364893e-49
993.0,5.833652203248654e-51
994.0,1.4579360823555492e-52
995.0,3.447101217675705e-54
996.0,7.710582487870845e-56
997.0,1.6316910813365843e-57
998.0,3.266677732898206e-59
999.0,6.187172793119431e-61
1000.0,1.1086534126212704e-62
1001.0,1.879390172990587e-64
1002.0,3.01408645651851e-66
1003.0,4.573114336791598e-68
1004.0,6.56426362499846e-70
1005.0,8.914101383318092e-72
1006.0,1.1452142000587398e-73
1007.0,1.39191745166725e-75
1008.0,1.6005079508419384e-77
1009.0,1.7410842714137694e-79
1010.0,1.7918405014465935e-81
1011.0,1.744602561597441e-83
1012.0,1.60698292849707e-85
1013.0,1.400372652012924e-87
1014.0,1.1544990471665547e-89
1015.0,9.004531821437914e-92
1016.0,6.644255061141216e-94
1017.0,4.638195550655316e-96
1018.0,3.063158110951755e-98
1019.0,1.9138476979436815e-100
1020.0,1.1312613100583782e-102
1021.0,6.3261006101408206e-105
1022.0,3.346777614221231e-107
1023.0,1.6750787012302995e-109
1024.0,7.931606829633462e-112
1025.0,3.553077986209695e-114
1026.0,1.5057951779906272e-116
1027.0,6.037326518860041e-119
1028.0,2.2900292391728658e-121
1029.0,8.217789086283869e-124
1030.0,2.7898866212078836e-126
1031.0,8.960571676748965e-129
1032.0,2.722716871032236e-131
1033.0,7.826847049655921e-134
1034.0,2.1285742888294053e-136
1035.0,5.476566648272375e-139
1036.0,1.3330472488513276e-141
1037.0,3.06973092172729e-144
1038.0,6.687636743978554e-147
1039.0,1.378359938267307e-149
1040.0,2.687634510393096e-152
1041.0,4.957872755711598e-155
1042.0,8.652430989120902e-158
1043.0,1.42856008733988e-160
1044.0,2.231395128409141e-163
1045.0,3.297403156654078e-166
1046.0,4.60983327541589e-169
1047.0,6.09699709277532e-172
1048.0,7.628942783779802e-175
1049.0,9.03088533127792e-178
1050.0,1.011378922195969e-180
1051.0,1.0715564857251082e-183
1052.0,1.0740731014224377e-186
1053.0,1.0185215258701153e-189
1054.0,9.137432544817883e-193
1055.0,7.755249173869703e-196
1056.0,6.227086932965127e-199
1057.0,4.730332857490142e-202
1058.0,3.3995080578742536e-205
1059.0,2.3113092030390467e-208
1060.0,1.4866804228582736e-211
1061.0,9.046795989589729e-215
1062.0,5.208223004797939e-218
1063.0,2.836625133101427e-221
1064.0,1.4616114006452977e-224
1065.0,7.124911882770605e-228
1066.0,3.285826846417586e-231
1067.0,1.4335982099417675e-234
1068.0,5.917357753502224e-238
1069.0,2.3107119156616477e-241
1070.0,8.536530204595642e-245
1071.0,2.9835585098478437e-248
1072.0,9.865187347272426e-252
1073.0,3.0859843246764264e-255
1074.0,9.132710573452314e-259
1075.0,2.556956111632506e-262
1076.0,6.772740772532307e-266
1077.0,1.697161741725875e-269
1078.0,4.023459307708359e-273
1079.0,9.023885869667666e-277
1080.0,1.9147195640727228e-280
1081.0,3.8435661158070776e-284
1082.0,7.299298726379593e-288
1083.0,1.3114312240134422e-291
1084.0,2.2290894782510375e-295
1085.0,3.5844876182706183e-299
1086.0,5.453110115514708e-303
1087.0,7.848362443455944e-307
1088.0,1.0686400208075e-310
1089.0,1.376579869e-314
1090.0,1.677437e-318
1091.0,0.0
1092.0,0.0
1093.0,0.0
1094.0,0.0
1095.0,0.0
1096.0,0.0
1097.0,0.0
1098.0,0.0
1099.0,0.0
1100.0,0.0
1101.0,0.0
1102.0,0.0
1103.0,0.0
1104.0,0.0
1105.0,0.0
1106.0,0.0
1107.0,0.0
1108.0,0.0
1109.0,0.0
1110.0,0.0
1111.0,0.0
1112.0,0.0
1113.0,0.0
1114.0,0.0
1115.0,0.0
1116.0,0.0
1117.0,0.0
1118.0,0.0
1119.0,0.0
1120.0,0.0
1121.0,0.0
1122.0,0.0
1123.0,0.0
1124.0,0.0
1125.0,0.0
1126.0,0.0
1127.0,0.0
1128.0,0.0
1129.0,0.0
1130.0,0.0
1131.0,0.0
1132.0,0.0
1133.0,0.0
1134.0,0.0
1135.0,0.0
1136.0,0.0
1137.0,0.0
1138.0,0.0
1139.0,0.0
1140.0,0.0
1141.0,0.0
1142.0,0.0
1143.0,0.0
1144.0,0.0
1145.0,0.0
1146.0,0.0
1147.0,0.0
1148.0,0.0
1149.0,0.0
1150.0,0.0
1151.0,0.0
1152.0,0.0
1153.0,0.0
1154.0,0.0
1155.0,0.0
1156.0,0.0
1157.0,0.0
1158.0,0.0
1159.0,0.0
1160.0,0.0
1161.0,0.0
1162.0,0.0
1163.0,0.0
1164.0,0.0
1165.0,0.0
1166.0,0.0
1167.0,0.0
1168.0,0.0
1169.0,0.0
1170.0,0.0
1171.0,0.0
1172.0,0.0
1173.0,0.0
1174.0,0.0
1175.0,0.0
1176.0,0.0
1177.0,0.0
1178.0,0.0
1179.0,0.0
1180.0,0.0
1181.0,0.0
1182.0,0.0
1183.0,0.0
1184.0,0.0
1185.0,0.0
1186.0,0.0
1187.0,0.0
1188.0,0.0
1189.0,0.0
1190.0,0.0
1191.0,0.0
1192.0,0.0
1193.0,0.0
1194.0,0.0
1195.0,0.0
1196.0,0.0
1197.0,0.0
1198.0,0.0
1199.0,0.0
1200.0,0.0
1201.0,0.0
1202.0,0.0
1203.0,0.0
1204.0,0.0
1205.0,0.0
1206.0,0.0
1207.0,0.0
1208.0,0.0
1209.0,0.0
1210.0,0.0
1211.0,0.0
1212.0,0.0
1213.0,0.0
1214.0,0.0
1215.0,0.0
1216.0,0.0
1217.0,0.0
1218.0,0.0
1219.0,0.0
1220.0,0.0
1221.0,0.0
1222.0,0.0
1223.0,0.0
1224.0,0.0
1225.0,0.0
1226.0,0.0
1227.0,0.0
1228.0,0.0
1229.0,0.0
1230.0,0.0
1231.0,0.0
1232.0,0.0
1233.0,0.0
1234.0,0.0
1235.0,0.0
1236.0,0.0
1237.0,0.0
1238.0,0.0
1239.0,0.0
1240.0,0.0
1241.0,0.0
1242.0,0.0
1243.0,0.0
1244.0,0.0
1245.0,0.0
1246.0,0.0
1247.0,0.0
1248.0,0.0
1249.0,0.0
1250.0,0.0
1251.0,0.0
1252.0,0.0
1253.0,0.0
1254.0,0.0
1255.0,0.0
1256.0,0.0
1257.0,0.0
1258.0,0.0
1259.0,0.0
1260.0,0.0
1261.0,0.0
1262.0,0.0
1263.0,0.0
1264.0,0.0
1265.0,0.0
1266.0,0.0
1267.0,0.0
1268.0,0.0
1269.0,0.0
1270.0,0.0
1271.0,0.0
1272.0,0.0
1273.0,0.0
1274.0,0.0
1275.0,0.0
1276.0,0.0
1277.0,0.0
1278.0,0.0
1279.0,0.0
1280.0,0.0
1281.0,0.0
1282.0,0.0
1283.0,0.0
1284.0,0.0
1285.0,0.0
1286.0,0.0
1287.0,0.0
1288.0,0.0
1289.0,0.0
1290.0,0.0
1291.0,0.0
1292.0,0.0
1293.0,0.0
1294.0,0.0
1295.0,0.0
1296.0,0.0
1297.0,0.0
1298.0,0.0
1299.0,0.0
1300.0,0.0
1301.0,0.0
1302.0,0.0
1303.0,0.0
1304.0,0.0
1305.0,0.0
1306.0,0.0
1307.0,0.0
1308.0,0.0
1309.0,0.0
1310.0,0.0
1311.0,0.0
1312.0,0.0
1313.0,0.0
1314.0,0.0
1315.0,0.0
1316.0,0.0
1317.0,0.0
1318.0,0.0
1319.0,0.0
1320.0,0.0
1321.0,0.0
1322.0,0.0
1323.0,0.0
1324.0,0.0
1325.0,0.0
1326.0,0.0
1327.0,0.0
1328.0,0.0
1329.0,0.0
1330.0,0.0
1331.0,0.0
1332.0,0.0
1333.0,0.0
1334.0,0.0
1335.0,0.0
1336.0,0.0
1337.0,0.0
1338.0,0.0
1339.0,0.0
1340.0,0.0
1341.0,0.0
1342.0,0.0
1343.0,0.0
1344.0,0.0
1345.0,0.0
1346.0,0.0
1347.0,0.0
1348.0,0.0
1349.0,0.0
1350.0,0.0
1351.0,0.0
1352.0,0.0
1353.0,0.0
1354.0,0.0
1355.0,0.0
1356.0,0.0
1357.0,0.0
1358.0,0.0
1359.0,0.0
1360.0,0.0
1361.0,0.0
1362.0,0.0
1363.0,0.0
1364.0,0.0
1365.0,0.0
1366.0,0.0
1367.0,0.0
1368.0,0.0
1369.0,0.0
1370.0,0.0
1371.0,0.0
1372.0,0.0
1373.0,0.0
1374.0,0.0
1375.0,0.0
1376.0,0.0
1377.0,0.0
1378.0,0.0
1379.0,0.0
1380.0,0.0
1381.0,0.0
1382.0,0.0
1383.0,0.0
1384.0,0.0
1385.0,0.0
1386.0,0.0
1387.0,0.0
1388.0,0.0
1389.0,0.0
1390.0,0.0
1391.0,0.0
1392.0,0.0
1393.0,0.0
1394.0,0.0
1395.0,0.0
1396.0,0.0
1397.0,0.0
1398.0,0.0
1399.0,0.0
1400.0,0.0
1401.0,0.0
1402.0,0.0
1403.0,0.0
1404.0,0.0
1405.0,0.0
1406.0,0.0
1407.0,0.0
1408.0,0.0
1409.0,0.0
1410.0,0.0
1411.0,0.0
1412.0,0.0
1413.0,0.0
1414.0,0.0
1415.0,0.0
1416.0,5.515e-320
1417.0,4.60396727e-316
1418.0,3.64814705329e-312
1419.0,2.7348306608270324e-308
1420.0,1.9395730666146526e-304
1421.0,1.3013659809693405e-300
1422.0,8.260576450170842e-297
1423.0,4.9606531308091306e-293
1424.0,2.818285371207691e-289
1425.0,1.514776896614978e-285
1426.0,7.702469357511426e-282
1427.0,3.705347008444562e-278
1428.0,1.686340978187726e-274
1429.0,7.26071685839059e-271
1430.0,2.9575439642020022e-267
1431.0,1.139726162182504e-263
1432.0,4.155156887599856e-260
1433.0,1.4331509479335472e-256
1434.0,4.676425765493049e-253
1435.0,1.4436228727371397e-249
1436.0,4.2161015658460396e-246
1437.0,1.1648928373793612e-242
1438.0,3.0449382214656788e-239
1439.0,7.529889392015598e-236
1440.0,1.7616365334844116e-232
1441.0,3.899075278637627e-229
1442.0,8.16440485452743e-226
1443.0,1.617353842927401e-222
1444.0,3.0311201919618e-219
1445.0,5.3742624453970455e-216
1446.0,9.014718805422433e-213
1447.0,1.4305501864571776e-209
1448.0,2.1476900867737818e-206
1449.0,3.0504065663505293e-203
1450.0,4.098844495305265e-200
1451.0,5.210540277721398e-197
1452.0,6.266451359396813e-194
1453.0,7.129813814392907e-191
1454.0,7.674539139613841e-188
1455.0,7.815270638245674e-185
1456.0,7.529278109436876e-182
1457.0,6.862466799738081e-179
1458.0,5.9173161599252004e-176
1459.0,4.8271066269645994e-173
1460.0,3.7253459614642176e-170
1461.0,2.7199688433286628e-167
1462.0,1.8787926322481515e-164
1463.0,1.2277540286475644e-161
1464.0,7.590344502841134e-159
1465.0,4.4394503962161545e-156
1466.0,2.456487328913522e-153
1467.0,1.2859303578433517e-150
1468.0,6.368511982970388e-148
1469.0,2.9838438491281885e-145
1470.0,1.322610035707678e-142
1471.0,5.546322719755484e-140
1472.0,2.200371739861082e-137
1473.0,8.258564812430647e-135
1474.0,2.932450599787499e-132
1475.0,9.850866382275751e-130
1476.0,3.130658903630629e-127
1477.0,9.412709957518526e-125
1478.0,2.6773873136888464e-122
1479.0,7.204856348889154e-120
1480.0,1.8342437653878837e-117
1481.0,4.417803320374489e-115
1482.0,1.0066379596154248e-112
1483.0,2.169990485729616e-110
1484.0,4.425475659495324e-108
1485.0,8.538462659786996e-106
1486.0,1.558536619470072e-103
1487.0,2.691360900080904e-101
1488.0,4.396878520415554e-99
1489.0,6.795706209952778e-97
1490.0,9.936703339040574e-95
1491.0,1.3745725070118553e-92
1492.0,1.7989147501579774e-90
1493.0,2.2272610007310662e-88
1494.0,2.608850801885089e-86
1495.0,2.8909792424671346e-84
1496.0,3.030807158184388e-82
1497.0,3.0060017947041654e-80
1498.0,2.82057574614822e-78
1499.0,2.50382458284057e-76
1500.0,2.1027499501616183e-74
1501.0,1.6706634213989502e-72
1502.0,1.2557636192836684e-70
1503.0,8.929855478486812e-69
1504.0,6.007566183074738e-67
1505.0,3.823581027454566e-65
1506.0,2.30228790708715e-63
1507.0,1.311494782117725e-61
1508.0,7.067911487181212e-60
1509.0,3.60357228011918e-58
1510.0,1.7381728950209177e-56
1511.0,7.931773598480489e-55
1512.0,3.4242482763260244e-53
1513.0,1.3985493077401134e-51
1514.0,5.403907665065896e-50
1515.0,1.975402764641305e-48
1516.0,6.831577430421378e-47
1517.0,2.2351358956587112e-45
1518.0,6.91838094509161e-44
1519.0,2.0259214872466006e-42
1520.0,5.612525793220196e-41
1521.0,1.4709966695463354e-39
1522.0,3.647393580221291e-38
1523.0,8.55600775684293e-37
1524.0,1.8987916369391523e-35
1525.0,3.986585209786687e-34
1526.0,7.91849036278525e-33
1527.0,1.487994528082135e-31
1528.0,2.645317933349031e-30
1529.0,4.4490984759371e-29
1530.0,7.079193138895304e-28
1531.0,1.0656463560331184e-26
1532.0,1.5176095387751e-25
1533.0,2.0446764330339122e-24
1534.0,2.606193968779252e-23
1535.0,3.142725720183705e-22
1536.0,3.5852861596956435e-21
1537.0,3.869534915525831e-20
1538.0,3.9510389877787714e-19
1539.0,3.816642315224656e-18
1540.0,3.4879416195887796e-17
1541.0,3.015605687443099e-16
1542.0,2.466593033732753e-15
1543.0,1.9087016453228186e-14
1544.0,1.3973210306015662e-13
1545.0,9.677695283558553e-13
1546.0,6.3411100746383156e-12
1547.0,3.930757404653862e-11
1548.0,2.3051797242227432e-10
1549.0,1.2789422709494527e-09
1550.0,6.712969804813315e-09
1551.0,3.3334661374068154e-08
1552.0,1.5660117090913475e-07
1553.0,6.960037303089804e-07
1554.0,2.9264811963511657e-06
1555.0,1.1641193888437538e-05
1556.0,4.3809362213958785e-05
1557.0,0.0001559746350072247
1558.0,0.0005253620423670984
1559.0,0.0016740989231893366
1560.0,0.005046860858330301
1561.0,0.014393932613375765
1562.0,0.0388378999758135
1563.0,0.09914036783054055
1564.0,0.23942222223612916
1565.0,0.5470142015203517
1566.0,1.1823737103111411
1567.0,2.417887013409071
1568.0,4.677862837767559
1569.0,8.562448015268636
1570.0,14.82866914278917
1571.0,24.298818124683123
1572.0,37.67810811219097
1573.0,55.294923259966424
1574.0,76.82345435961295
1575.0,101.09203596335273
1576.0,126.09368185188161
1577.0,149.2749488773418
1578.0,168.08405630527344
1579.0,180.64007175034
1580.0,186.29728823351306
1581.0,185.876028733738
1582.0,181.4325631079919
1583.0,175.61489317197126
1584.0,170.82501615667533
1585.0,168.50204501876783
1586.0,168.80689496024397
1587.0,170.8368799410239
1588.0,173.2884747983854
1589.0,175.30421826228496
1590.0,177.15843254327928
1591.0,180.48771227220539
1592.0,187.93596670765703
1593.0,202.29949854285377
1594.0,225.44835618634022
1595.0,257.3995294281215
1596.0,295.88883599303324
1597.0,336.6348629841054
1598.0,374.25511854893625
1599.0,403.5606227379223
1600.0,420.81146257731876
1601.0,424.52866317719923
1602.0,415.6310439284263
1603.0,396.92708367037426
1604.0,372.2206374595309
1605.0,345.3800483497946
1606.0,319.6437212008851
1607.0,297.2564116564991
1608.0,279.36545208251334
1609.0,266.0463455821108
1610.0,256.3823876935169
1611.0,248.62273668612033
1612.0,240.4937863233148
1613.0,229.69207761288385
1614.0,214.47378962813536
1615.0,194.15890885362526
1616.0,169.3612449300209
1617.0,141.85196945079468
1618.0,114.11103206786647
1619.0,88.73625017418374
1620.0,67.90743150299059
1621.0,53.04163522478167
1622.0,44.672848744743455
1623.0,42.505279996181336
1624.0,45.561010071049374
1625.0,52.367159985889764
1626.0,61.17206112136403
1627.0,70.20579643067516
1628.0,77.98765117446153
1629.0,83.63932370733785
1630.0,87.11725713144969
1631.0,89.26259001576246
1632.0,91.60066157218515
1633.0,95.89760409034461
1634.0,103.57253613677833
1635.0,115.13456683085619
1636.0,129.83340263792107
1637.0,145.66580544339473
1638.0,159.77499176550052
1639.0,169.14760207394107
1640.0,171.401269732042
1641.0,165.41289152998465
1642.0,151.58787767750246
1643.0,131.69841757452085
1644.0,108.3714870122758
1645.0,84.41974425653221
1646.0,62.23626912996146
1647.0,43.41552384846243
1648.0,28.655677383186376
1649.0,17.894500272484485
1650.0,10.572074601048273
1651.0,5.9091670011564235
1652.0,3.1247423193169745
1653.0,1.5632272802587348
1654.0,0.7398589788887229
1655.0,0.3312791420916446
1656.0,0.14033216788219977
1657.0,0.05623907838996627
1658.0,0.021322438818788297
1659.0,0.007648094151067189
1660.0,0.002595297876230869
1661.0,0.0008331799639439284
1662.0,0.0002530509868921304
1663.0,7.271011970536182e-05
1664.0,1.9765112363633614e-05
1665.0,5.083014139981e-06
1666.0,1.2366902857647951e-06
1667.0,2.846545839573089e-07
1668.0,6.198591480881738e-08
1669.0,1.2769839792012567e-08
1670.0,2.4888314314172333e-09
1671.0,4.5890534634387745e-10
1672.0,8.005129320923872e-11
1673.0,1.3210862958756152e-11
1674.0,2.0625838983625937e-12
1675.0,3.0465594623692903e-13
1676.0,4.257212173602818e-14
1677.0,5.6280575801406656e-15
1678.0,7.038974129210249e-16
1679.0,8.328711262966093e-17
1680.0,9.323175169026582e-18
1681.0,9.873417055629192e-19
1682.0,9.89210506738772e-20
1683.0,9.376215041523744e-21
1684.0,8.407831477647128e-22
1685.0,7.132767003837881e-23
1686.0,5.724659729180462e-24
1687.0,4.346692498757362e-25
1688.0,3.1223800120353947e-26
1689.0,2.121925827557058e-27
1690.0,1.3642445896570198e-28
1691.0,8.297970406362383e-30
1692.0,4.774953245555165e-31
1693.0,2.5994649483782707e-32
1694.0,1.3388021720060656e-33
1695.0,6.523286472862212e-35
1696.0,3.0070046134744472e-36
1697.0,1.3113521662594881e-37
1698.0,5.410310397678392e-39
1699.0,2.1117505999629026e-40
1700.0,7.797954034350582e-42
1701.0,2.7241832347714185e-43
1702.0,9.003462523712941e-45
1703.0,2.815142652480162e-46
1704.0,8.32738900804443e-48
1705.0,2.3304237585921458e-49
1706.0,6.169905978324003e-51
1707.0,1.545396032843091e-52
1708.0,3.6620025337241766e-54
1709.0,8.20946939621056e-56
1710.0,1.7411217322798085e-57
1711.0,3.4935002990495293e-59
1712.0,6.631473424910187e-61
1713.0,1.190904353034124e-62
1714.0,2.0233048949140333e-64
1715.0,3.252096185768829e-66
1716.0,4.94519056786922e-68
1717.0,7.11410519547972e-70
1718.0,9.682224172529495e-72
1719.0,1.2466587364564418e-73
1720.0,1.5185798622541086e-75
1721.0,1.750029172689451e-77
1722.0,1.9079656016654374e-79
1723.0,1.9679469784513412e-81
1724.0,1.920321066155039e-83
1725.0,1.7727679827975715e-85
1726.0,1.5482730459180015e-87
1727.0,1.2792658518220265e-89
1728.0,9.999808001201622e-92
1729.0,7.39503299756395e-94
1730.0,5.173758718503373e-96
1731.0,3.424442092345594e-98
1732.0,2.144327337727462e-100
1733.0,1.2703106480488961e-102
1734.0,7.119449189889307e-105
1735.0,3.7748565431341833e-107
1736.0,1.893529644972146e-109
1737.0,8.985895552469236e-112
1738.0,4.0343003144474975e-114
1739.0,1.7135338268305342e-116
1740.0,6.88548823811642e-119
1741.0,2.617546464285991e-121
1742.0,9.413945046918573e-124
1743.0,3.203070652865073e-126
1744.0,1.0310482234575156e-128
1745.0,3.1398509940378597e-131
1746.0,9.046002409954957e-134
1747.0,2.4655962454974736e-136
1748.0,6.357770125902927e-139
1749.0,1.550976733650485e-141
1750.0,3.5795080624004574e-144
1751.0,7.81554030820583e-147
1752.0,1.61440416730535e-149
1753.0,3.154882092412634e-152
1754.0,5.832726281847473e-155
1755.0,1.0201820080888953e-157
1756.0,1.6881122605596898e-160
1757.0,2.6426678944009955e-163
1758.0,3.9138254529184314e-166
1759.0,5.483753421445703e-169
1760.0,7.268955059499264e-172
1761.0,9.115566204871792e-175
1762.0,1.0814661132463585e-177
1763.0,1.2138353532095034e-180
1764.0,1.2889149144888556e-183
1765.0,1.2948108092007652e-186
1766.0,1.2305690382204744e-189
1767.0,1.1064282392220688e-192
1768.0,9.411484252590797e-196
1769.0,7.573743424963447e-199
1770.0,5.766079917608957e-202
1771.0,4.153061158772407e-205
1772.0,2.829916336613485e-208
1773.0,1.8243008741375058e-211
1774.0,1.1125945712623838e-214
1775.0,6.419408414726967e-218
1776.0,3.504053095112237e-221
1777.0,1.8095223414268012e-224
1778.0,8.840459140286218e-228
1779.0,4.086046392601978e-231
1780.0,1.7866906539580968e-234
1781.0,7.391167396747196e-238
1782.0,2.892639494107506e-241
1783.0,1.0710091591665142e-244
1784.0,3.751540667583675e-248
1785.0,1.2432078186587118e-251
1786.0,3.8975833130882334e-255
1787.0,1.1560182280302645e-258
1788.0,3.243781235839245e-262
1789.0,8.611048448945661e-266
1790.0,2.162609510703797e-269
1791.0,5.138280215771232e-273
1792.0,1.1549815888399821e-276
1793.0,2.456122017240757e-280
1794.0,4.9413135802315917e-284
1795.0,9.404863421855092e-288
1796.0,1.693480386110497e-291
1797.0,2.884864698094866e-295
1798.0,4.649308110642907e-299
1799.0,7.088736070569144e-303
1800.0,1.0225084041520057e-306
1801.0,1.39534810175243e-310
1802.0,1.8014236104e-314
1803.0,2.199837e-318
1804.0,0.0
1805.0,0.0
1806.0,0.0
1807.0,0.0
1808.0,0.0
1809.0,0.0
1810.0,0.0
1811.0,0.0
1812.0,0.0
1813.0,0.0
1814.0,0.0
1815.0,0.0
1816.0,0.0
1817.0,0.0
1818.0,0.0
1819.0,0.0
1820.0,0.0
1821.0,0.0
1822.0,0.0
1823.0,0.0
1824.0,0.0
1825.0,0.0
1826.0,0.0
1827.0,0.0
1828.0,0.0
1829.0,0.0
1830.0,0.0
1831.0,0.0
1832.0,0.0
1833.0,0.0
1834.0,0.0
1835.0,0.0
1836.0,0.0
1837.0,0.0
1838.0,0.0
1839.0,0.0
1840.0,0.0
1841.0,0.0
1842.0,0.0
1843.0,0.0
1844.0,0.0
1845.0,0.0
1846.0,0.0
1847.0,0.0
1848.0,0.0
1849.0,0.0
1850.0,0.0
1851.0,0.0
1852.0,0.0
1853.0,0.0
1854.0,0.0
1855.0,0.0
1856.0,0.0
1857.0,0.0
1858.0,0.0
1859.0,0.0
1860.0,0.0
1861.0,0.0
1862.0,0.0
1863.0,0.0
1864.0,0.0
1865.0,0.0
1866.0,0.0
1867.0,0.0
1868.0,0.0
1869.0,0.0
1870.0,0.0
1871.0,0.0
1872.0,0.0
1873.0,0.0
1874.0,0.0
1875.0,0.0
1876.0,0.0
1877.0,0.0
1878.0,0.0
1879.0,0.0
1880.0,0.0
1881.0,0.0
1882.0,0.0
1883.0,0.0
1884.0,0.0
1885.0,0.0
1886.0,0.0
1887.0,0.0
1888.0,0.0
1889.0,0.0
1890.0,0.0
1891.0,0.0
1892.0,0.0
1893.0,0.0
1894.0,0.0
1895.0,0.0
1896.0,0.0
1897.0,0.0
1898.0,0.0
1899.0,0.0
1900.0,0.0
1901.0,0.0
1902.0,0.0
1903.0,0.0
1904.0,0.0
1905.0,0.0
1906.0,0.0
1907.0,0.0
1908.0,0.0
1909.0,0.0
1910.0,0.0
1911.0,0.0
1912.0,0.0
1913.0,0.0
1914.0,0.0
1915.0,0.0
1916.0,0.0
1917.0,0.0
1918.0,0.0
1919.0,0.0
1920.0,0.0
1921.0,0.0
1922.0,0.0
1923.0,0.0
1924.0,0.0
1925.0,0.0
1926.0,0.0
1927.0,0.0
1928.0,0.0
1929.0,0.0
1930.0,0.0
1931.0,0.0
1932.0,0.0
1933.0,0.0
1934.0,0.0
1935.0,0.0
1936.0,0.0
1937.0,0.0
1938.0,0.0
1939.0,0.0
1940.0,0.0
1941.0,0.0
1942.0,0.0
1943.0,0.0
1944.0,0.0
1945.0,0.0
1946.0,0.0
1947.0,0.0
1948.0,0.0
1949.0,0.0
1950.0,0.0
1951.0,0.0
1952.0,0.0
1953.0,0.0
1954.0,0.0
1955.0,0.0
1956.0,0.0
1957.0,0.0
1958.0,0.0
1959.0,0.0
1960.0,0.0
1961.0,0.0
1962.0,0.0
1963.0,0.0
1964.0,0.0
1965.0,0.0
1966.0,0.0
1967.0,0.0
1968.0,0.0
1969.0,0.0
1970.0,0.0
1971.0,0.0
1972.0,0.0
1973.0,0.0
1974.0,0.0
1975.0,0.0
1976.0,0.0
1977.0,0.0
1978.0,0.0
1979.0,0.0
1980.0,0.0
1981.0,0.0
1982.0,0.0
1983.0,0.0
1984.0,0.0
1985.0,0.0
1986.0,0.0
1987.0,0.0
1988.0,0.0
1989.0,0.0
1990.0,0.0
1991.0,0.0
1992.0,0.0
1993.0,0.0
1994.0,0.0
1995.0,0.0
1996.0,0.0
1997.0,0.0
1998.0,0.0
1999.0,0.0
2000.0,0.0
2001.0,0.0
2002.0,0.0
2003.0,0.0
2004.0,0.0
2005.0,0.0
2006.0,0.0
2007.0,0.0
2008.0,0.0
2009.0,0.0
2010.0,0.0
2011.0,0.0
2012.0,0.0
2013.0,0.0
2014.0,0.0
2015.0,0.0
2016.0,0.0
2017.0,0.0
2018.0,0.0
2019.0,0.0
2020.0,0.0
2021.0,0.0
2022.0,0.0
2023.0,0.0
2024.0,0.0
2025.0,0.0
2026.0,0.0
2027.0,0.0
2028.0,0.0
2029.0,0.0
2030.0,0.0
2031.0,0.0
2032.0,0.0
2033.0,0.0
2034.0,0.0
2035.0,0.0
2036.0,0.0
2037.0,0.0
2038.0,0.0
2039.0,0.0
2040.0,0.0
2041.0,0.0
2042.0,0.0
2043.0,0.0
2044.0,0.0
2045.0,0.0
2046.0,0.0
2047.0,0.0
2048.0,0.0
2049.0,0.0
2050.0,0.0
2051.0,0.0
2052.0,0.0
2053.0,0.0
2054.0,0.0
2055.0,0.0
2056.0,0.0
2057.0,0.0
2058.0,0.0
2059.0,0.0
2060.0,0.0
2061.0,0.0
2062.0,0.0
2063.0,0.0
2064.0,0.0
2065.0,0.0
2066.0,0.0
2067.0,0.0
2068.0,0.0
2069.0,0.0
2070.0,0.0
2071.0,0.0
2072.0,0.0
2073.0,0.0
2074.0,0.0
2075.0,0.0
2076.0,0.0
2077.0,0.0
2078.0,0.0
2079.0,0.0
2080.0,0.0
2081.0,0.0
2082.0,0.0
2083.0,0.0
2084.0,0.0
2085.0,0.0
2086.0,0.0
2087.0,0.0
2088.0,0.0
2089.0,0.0
2090.0,0.0
2091.0,0.0
2092.0,0.0
2093.0,0.0
2094.0,0.0
2095.0,0.0
2096.0,0.0
2097.0,0.0
2098.0,0.0
2099.0,0.0
2100.0,0.0
2101.0,0.0
2102.0,0.0
2103.0,0.0
2104.0,0.0
2105.0,0.0
2106.0,0.0
2107.0,0.0
2108.0,0.0
2109.0,0.0
2110.0,0.0
2111.0,0.0
2112.0,0.0
2113.0,0.0
2114.0,0.0
2115.0,0.0
2116.0,0.0
2117.0,0.0
2118.0,0.0
2119.0,0.0
2120.0,0.0
2121.0,0.0
2122.0,0.0
2123.0,0.0
2124.0,0.0
2125.0,0.0
2126.0,0.0
2127.0,0.0
2128.0,0.0
2129.0,0.0
2130.0,0.0
2131.0,0.0
2132.0,0.0
2133.0,0.0
2134.0,0.0
2135.0,0.0
2136.0,0.0
2137.0,0.0
2138.0,0.0
2139.0,0.0
2140.0,0.0
2141.0,0.0
2142.0,0.0
2143.0,0.0
2144.0,0.0
2145.0,0.0
2146.0,0.0
2147.0,0.0
2148.0,0.0
2149.0,0.0
2150.0,0.0
2151.0,0.0
2152.0,0.0
2153.0,0.0
2154.0,0.0
2155.0,0.0
2156.0,0.0
2157.0,0.0
2158.0,0.0
2159.0,0.0
2160.0,0.0
2161.0,0.0
2162.0,0.0
2163.0,0.0
2164.0,0.0
2165.0,0.0
2166.0,0.0
2167.0,0.0
2168.0,0.0
2169.0,0.0
2170.0,0.0
2171.0,0.0
2172.0,0.0
2173.0,0.0
2174.0,0.0
2175.0,0.0
2176.0,0.0
2177.0,0.0
2178.0,0.0
2179.0,0.0
2180.0,0.0
2181.0,0.0
2182.0,0.0
2183.0,0.0
2184.0,0.0
2185.0,0.0
2186.0,0.0
2187.0,0.0
2188.0,0.0
2189.0,0.0
2190.0,0.0
2191.0,0.0
2192.0,0.0
2193.0,0.0
2194.0,0.0
2195.0,0.0
2196.0,0.0
2197.0,0.0
2198.0,0.0
2199.0,0.0
2200.0,0.0
2201.0,0.0
2202.0,0.0
2203.0,0.0
2204.0,0.0
2205.0,0.0
2206.0,0.0
2207.0,0.0
2208.0,0.0
2209.0,0.0
2210.0,0.0
2211.0,0.0
2212.0,0.0
2213.0,0.0
2214.0,0.0
2215.0,0.0
2216.0,0.0
2217.0,0.0
2218.0,0.0
2219.0,0.0
2220.0,0.0
2221.0,0.0
2222.0,0.0
2223.0,0.0
2224.0,0.0
2225.0,0.0
2226.0,0.0
2227.0,0.0
2228.0,0.0
2229.0,0.0
2230.0,0.0
2231.0,0.0
2232.0,0.0
2233.0,0.0
2234.0,0.0
2235.0,0.0
2236.0,0.0
2237.0,0.0
2238.0,0.0
2239.0,0.0
2240.0,0.0
2241.0,0.0
2242.0,0.0
2243.0,0.0
2244.0,0.0
2245.0,0.0
2246.0,0.0
2247.0,0.0
2248.0,0.0
2249.0,0.0
2250.0,0.0
2251.0,0.0
2252.0,0.0
2253.0,0.0
2254.0,0.0
2255.0,0.0
2256.0,0.0
2257.0,0.0
2258.0,0.0
2259.0,0.0
2260.0,0.0
2261.0,0.0
2262.0,0.0
2263.0,0.0
2264.0,0.0
2265.0,0.0
2266.0,0.0
2267.0,0.0
2268.0,0.0
2269.0,0.0
2270.0,0.0
2271.0,0.0
2272.0,0.0
2273.0,0.0
2274.0,0.0
2275.0,0.0
2276.0,0.0
2277.0,0.0
2278.0,0.0
2279.0,0.0
2280.0,0.0
2281.0,0.0
2282.0,0.0
2283.0,0.0
2284.0,0.0
2285.0,0.0
2286.0,0.0
2287.0,0.0
2288.0,0.0
2289.0,0.0
2290.0,0.0
2291.0,0.0
2292.0,0.0
2293.0,0.0
2294.0,0.0
2295.0,0.0
2296.0,0.0
2297.0,0.0
2298.0,0.0
2299.0,0.0
2300.0,0.0
2301.0,0.0
2302.0,0.0
2303.0,0.0
2304.0,0.0
2305.0,0.0
2306.0,0.0
2307.0,0.0
2308.0,0.0
2309.0,0.0
2310.0,0.0
2311.0,0.0
2312.0,0.0
2313.0,0.0
2314.0,0.0
2315.0,0.0
2316.0,0.0
2317.0,0.0
2318.0,0.0
2319.0,0.0
2320.0,0.0
2321.0,0.0
2322.0,0.0
2323.0,0.0
2324.0,0.0
2325.0,0.0
2326.0,0.0
2327.0,0.0
2328.0,0.0
2329.0,0.0
2330.0,0.0
2331.0,0.0
2332.0,0.0
2333.0,0.0
2334.0,0.0
2335.0,0.0
2336.0,0.0
2337.0,0.0
2338.0,0.0
2339.0,0.0
2340.0,0.0
2341.0,0.0
2342.0,0.0
2343.0,0.0
2344.0,0.0
2345.0,0.0
2346.0,0.0
2347.0,0.0
2348.0,0.0
2349.0,0.0
2350.0,0.0
2351.0,0.0
2352.0,0.0
2353.0,0.0
2354.0,0.0
2355.0,0.0
2356.0,0.0
2357.0,0.0
2358.0,0.0
2359.0,0.0
2360.0,0.0
2361.0,0.0
2362.0,0.0
2363.0,0.0
2364.0,0.0
2365.0,0.0
2366.0,0.0
2367.0,0.0
2368.0,0.0
2369.0,0.0
2370.0,0.0
2371.0,0.0
2372.0,0.0
2373.0,0.0
2374.0,0.0
2375.0,0.0
2376.0,0.0
2377.0,0.0
2378.0,0.0
2379.0,0.0
2380.0,0.0
2381.0,0.0
2382.0,0.0
2383.0,0.0
2384.0,0.0
2385.0,0.0
2386.0,0.0
2387.0,0.0
2388.0,0.0
2389.0,0.0
2390.0,0.0
2391.0,0.0
2392.0,0.0
2393.0,0.0
2394.0,0.0
2395.0,0.0
2396.0,0.0
2397.0,0.0
2398.0,0.0
2399.0,0.0
2400.0,0.0
2401.0,0.0
2402.0,0.0
2403.0,0.0
2404.0,0.0
2405.0,0.0
2406.0,0.0
2407.0,0.0
2408.0,0.0
2409.0,0.0
2410.0,0.0
2411.0,0.0
2412.0,0.0
2413.0,0.0
2414.0,0.0
2415.0,0.0
2416.0,0.0
2417.0,0.0
2418.0,0.0
2419.0,0.0
2420.0,0.0
2421.0,0.0
2422.0,0.0
2423.0,0.0
2424.0,0.0
2425.0,0.0
2426.0,0.0
2427.0,0.0
2428.0,0.0
2429.0,0.0
2430.0,0.0
2431.0,0.0
2432.0,0.0
2433.0,0.0
2434.0,0.0
2435.0,0.0
2436.0,0.0
2437.0,0.0
2438.0,0.0
2439.0,0.0
2440.0,0.0
2441.0,0.0
2442.0,0.0
2443.0,0.0
2444.0,0.0
2445.0,0.0
2446.0,0.0
2447.0,0.0
2448.0,0.0
2449.0,0.0
2450.0,0.0
2451.0,0.0
2452.0,0.0
2453.0,0.0
2454.0,0.0
2455.0,0.0
2456.0,0.0
2457.0,0.0
2458.0,0.0
2459.0,0.0
2460.0,0.0
2461.0,0.0
2462.0,0.0
2463.0,0.0
2464.0,0.0
2465.0,0.0
2466.0,0.0
2467.0,0.0
2468.0,0.0
2469.0,0.0
2470.0,0.0
2471.0,0.0
2472.0,0.0
2473.0,0.0
2474.0,0.0
2475.0,0.0
2476.0,0.0
2477.0,0.0
2478.0,0.0
2479.0,0.0
2480.0,0.0
2481.0,0.0
2482.0,0.0
2483.0,0.0
2484.0,0.0
2485.0,0.0
2486.0,0.0
2487.0,0.0
2488.0,0.0
2489.0,0.0
2490.0,0.0
2491.0,0.0
2492.0,0.0
2493.0,0.0
2494.0,0.0
2495.0,0.0
2496.0,0.0
2497.0,0.0
2498.0,0.0
2499.0,0.0
2500.0,0.0
2501.0,0.0
2502.0,0.0
2503.0,0.0
2504.0,0.0
2505.0,0.0
2506.0,0.0
2507.0,0.0
2508.0,0.0
2509.0,0.0
2510.0,0.0
2511.0,0.0
2512.0,0.0
2513.0,0.0
2514.0,0.0
2515.0,0.0
2516.0,0.0
2517.0,0.0
2518.0,0.0
2519.0,0.0
2520.0,0.0
2521.0,0.0
2522.0,0.0
2523.0,0.0
2524.0,0.0
2525.0,0.0
2526.0,0.0
2527.0,0.0
2528.0,0.0
2529.0,0.0
2530.0,0.0
2531.0,0.0
2532.0,0.0
2533.0,0.0
2534.0,0.0
2535.0,0.0
2536.0,0.0
2537.0,0.0
2538.0,0.0
2539.0,0.0
2540.0,0.0
2541.0,0.0
2542.0,0.0
2543.0,0.0
2544.0,0.0
2545.0,0.0
2546.0,0.0
2547.0,0.0
2548.0,0.0
2549.0,0.0
2550.0,0.0
2551.0,0.0
2552.0,0.0
2553.0,0.0
2554.0,0.0
2555.0,0.0
2556.0,0.0
2557.0,0.0
2558.0,0.0
2559.0,0.0
2560.0,0.0
2561.0,0.0
2562.0,0.0
2563.0,0.0
2564.0,0.0
2565.0,0.0
2566.0,0.0
2567.0,0.0
2568.0,0.0
2569.0,0.0
2570.0,0.0
2571.0,0.0
2572.0,0.0
2573.0,0.0
2574.0,0.0
2575.0,0.0
2576.0,0.0
2577.0,0.0
2578.0,0.0
2579.0,0.0
2580.0,0.0
2581.0,0.0
2582.0,0.0
2583.0,0.0
2584.0,0.0
2585.0,0.0
2586.0,0.0
2587.0,0.0
2588.0,0.0
2589.0,0.0
2590.0,0.0
2591.0,0.0
2592.0,0.0
2593.0,0.0
2594.0,0.0
2595.0,0.0
2596.0,0.0
2597.0,0.0
2598.0,0.0
2599.0,0.0
2600.0,0.0
2601.0,0.0
2602.0,0.0
2603.0,0.0
2604.0,0.0
2605.0,0.0
2606.0,0.0
2607.0,0.0
2608.0,0.0
2609.0,0.0
2610.0,0.0
2611.0,0.0
2612.0,0.0
2613.0,0.0
2614.0,0.0
2615.0,0.0
2616.0,0.0
2617.0,0.0
2618.0,0.0
2619.0,0.0
2620.0,0.0
2621.0,0.0
2622.0,0.0
2623.0,0.0
2624.0,0.0
2625.0,0.0
2626.0,0.0
2627.0,0.0
2628.0,0.0
2629.0,0.0
2630.0,0.0
2631.0,0.0
2632.0,0.0
2633.0,0.0
2634.0,0.0
2635.0,0.0
2636.0,0.0
2637.0,0.0
2638.0,0.0
2639.0,0.0
2640.0,0.0
2641.0,0.0
2642.0,0.0
2643.0,0.0
2644.0,0.0
2645.0,0.0
2646.0,0.0
2647.0,0.0
2648.0,0.0
2649.0,0.0
2650.0,0.0
2651.0,0.0
2652.0,0.0
2653.0,0.0
2654.0,0.0
2655.0,0.0
2656.0,0.0
2657.0,0.0
2658.0,0.0
2659.0,0.0
2660.0,0.0
2661.0,0.0
2662.0,0.0
2663.0,0.0
2664.0,0.0
2665.0,0.0
2666.0,0.0
2667.0,0.0
2668.0,0.0
2669.0,0.0
2670.0,0.0
2671.0,0.0
2672.0,0.0
2673.0,0.0
2674.0,0.0
2675.0,0.0
2676.0,0.0
2677.0,0.0
2678.0,0.0
2679.0,0.0
2680.0,0.0
2681.0,0.0
2682.0,0.0
2683.0,0.0
2684.0,0.0
2685.0,0.0
2686.0,0.0
2687.0,0.0
2688.0,0.0
2689.0,0.0
2690.0,0.0
2691.0,0.0
2692.0,0.0
2693.0,0.0
2694.0,0.0
2695.0,0.0
2696.0,0.0
2697.0,0.0
2698.0,0.0
2699.0,0.0
2700.0,0.0
2701.0,0.0
2702.0,0.0
2703.0,0.0
2704.0,0.0
2705.0,0.0
2706.0,0.0
2707.0,0.0
2708.0,0.0
2709.0,0.0
2710.0,0.0
2711.0,0.0
2712.0,0.0
2713.0,0.0
2714.0,0.0
2715.0,0.0
2716.0,0.0
2717.0,0.0
2718.0,0.0
2719.0,0.0
2720.0,0.0
2721.0,0.0
2722.0,0.0
2723.0,0.0
2724.0,0.0
2725.0,0.0
2726.0,0.0
2727.0,0.0
2728.0,0.0
2729.0,0.0
2730.0,0.0
2731.0,0.0
2732.0,0.0
2733.0,0.0
2734.0,0.0
2735.0,0.0
2736.0,0.0
2737.0,0.0
2738.0,0.0
2739.0,0.0
2740.0,0.0
2741.0,0.0
2742.0,0.0
2743.0,0.0
2744.0,0.0
2745.0,0.0
2746.0,0.0
2747.0,0.0
2748.0,0.0
2749.0,0.0
2750.0,0.0
2751.0,0.0
2752.0,0.0
2753.0,0.0
2754.0,0.0
2755.0,0.0
2756.0,0.0
2757.0,0.0
2758.0,0.0
2759.0,0.0
2760.0,0.0
2761.0,0.0
2762.0,0.0
2763.0,0.0
2764.0,0.0
2765.0,0.0
2766.0,0.0
2767.0,0.0
2768.0,0.0
2769.0,0.0
2770.0,0.0
2771.0,0.0
2772.0,0.0
2773.0,0.0
2774.0,0.0
2775.0,0.0
2776.0,0.0
2777.0,0.0
2778.0,0.0
2779.0,0.0
2780.0,0.0
2781.0,0.0
2782.0,0.0
2783.0,0.0
2784.0,0.0
2785.0,0.0
2786.0,0.0
2787.0,0.0
2788.0,0.0
2789.0,0.0
2790.0,0.0
2791.0,0.0
2792.0,0.0
2793.0,0.0
2794.0,0.0
2795.0,0.0
2796.0,0.0
2797.0,0.0
2798.0,0.0
2799.0,0.0
2800.0,0.0
2801.0,0.0
2802.0,0.0
2803.0,0.0
2804.0,0.0
2805.0,0.0
2806.0,0.0
2807.0,0.0
2808.0,0.0
2809.0,0.0
2810.0,0.0
2811.0,0.0
2812.0,0.0
2813.0,0.0
2814.0,0.0
2815.0,0.0
2816.0,0.0
2817.0,0.0
2818.0,0.0
2819.0,0.0
2820.0,0.0
2821.0,0.0
2822.0,0.0
2823.0,0.0
2824.0,0.0
2825.0,0.0
2826.0,0.0
2827.0,0.0
2828.0,0.0
2829.0,0.0
2830.0,0.0
2831.0,0.0
2832.0,0.0
2833.0,0.0
2834.0,0.0
2835.0,0.0
2836.0,0.0
2837.0,0.0
2838.0,0.0
2839.0,0.0
2840.0,0.0
2841.0,0.0
2842.0,0.0
2843.0,0.0
2844.0,0.0
2845.0,0.0
2846.0,0.0
2847.0,0.0
2848.0,0.0
2849.0,0.0
2850.0,0.0
2851.0,0.0
2852.0,0.0
2853.0,0.0
2854.0,0.0
2855.0,0.0
2856.0,0.0
2857.0,0.0
2858.0,0.0
2859.0,0.0
2860.0,0.0
2861.0,0.0
2862.0,0.0
2863.0,0.0
2864.0,0.0
2865.0,0.0
2866.0,0.0
2867.0,0.0
2868.0,0.0
2869.0,0.0
2870.0,0.0
2871.0,0.0
2872.0,0.0
2873.0,0.0
2874.0,0.0
2875.0,0.0
2876.0,0.0
2877.0,0.0
2878.0,0.0
2879.0,0.0
2880.0,0.0
2881.0,0.0
2882.0,0.0
2883.0,0.0
2884.0,0.0
2885.0,0.0
2886.0,0.0
2887.0,0.0
2888.0,0.0
2889.0,0.0
2890.0,0.0
2891.0,0.0
2892.0,0.0
2893.0,0.0
2894.0,0.0
2895.0,0.0
2896.0,0.0
2897.0,0.0
2898.0,0.0
2899.0,0.0
2900.0,0.0
2901.0,0.0
2902.0,0.0
2903.0,0.0
2904.0,0.0
2905.0,0.0
2906.0,0.0
2907.0,0.0
2908.0,0.0
2909.0,0.0
2910.0,0.0
2911.0,0.0
2912.0,0.0
2913.0,0.0
2914.0,0.0
2915.0,0.0
2916.0,0.0
2917.0,0.0
2918.0,0.0
2919.0,0.0
2920.0,0.0
2921.0,0.0
2922.0,0.0
2923.0,0.0
2924.0,0.0
2925.0,0.0
2926.0,0.0
2927.0,0.0
2928.0,0.0
2929.0,0.0
2930.0,0.0
2931.0,0.0
2932.0,0.0
2933.0,0.0
2934.0,0.0
2935.0,0.0
2936.0,0.0
2937.0,0.0
2938.0,0.0
2939.0,0.0
2940.0,0.0
2941.0,0.0
2942.0,0.0
2943.0,0.0
2944.0,0.0
2945.0,0.0
2946.0,0.0
2947.0,0.0
2948.0,0.0
2949.0,0.0
2950.0,0.0
2951.0,0.0
2952.0,0.0
2953.0,0.0
2954.0,0.0
2955.0,0.0
2956.0,0.0
2957.0,0.0
2958.0,0.0
2959.0,0.0
2960.0,0.0
2961.0,0.0
2962.0,0.0
2963.0,0.0
2964.0,0.0
2965.0,0.0
2966.0,0.0
2967.0,0.0
2968.0,0.0
2969.0,0.0
2970.0,0.0
2971.0,0.0
2972.0,0.0
2973.0,0.0
2974.0,0.0
2975.0,0.0
2976.0,0.0
2977.0,0.0
2978.0,0.0
2979.0,0.0
2980.0,0.0
2981.0,0.0
2982.0,0.0
2983.0,0.0
2984.0,0.0
2985.0,0.0
2986.0,0.0
2987.0,0.0
2988.0,0.0
2989.0,0.0
2990.0,0.0
2991.0,0.0
2992.0,0.0
2993.0,0.0
2994.0,0.0
2995.0,0.0
2996.0,0.0
2997.0,0.0
2998.0,0.0
2999.0,0.0
3000.0,0.0
3001.0,0.0
3002.0,0.0
3003.0,0.0
3004.0,0.0
3005.0,0.0
3006.0,0.0
3007.0,0.0
3008.0,0.0
3009.0,0.0
3010.0,0.0
3011.0,0.0
3012.0,0.0
3013.0,0.0
3014.0,0.0
3015.0,0.0
3016.0,0.0
3017.0,0.0
3018.0,0.0
3019.0,0.0
3020.0,0.0
3021.0,0.0
3022.0,0.0
3023.0,0.0
3024.0,0.0
3025.0,0.0
3026.0,0.0
3027.0,0.0
3028.0,0.0
3029.0,0.0
3030.0,0.0
3031.0,0.0
3032.0,0.0
3033.0,0.0
3034.0,0.0
3035.0,0.0
3036.0,0.0
3037.0,0.0
3038.0,0.0
3039.0,0.0
3040.0,0.0
3041.0,0.0
3042.0,0.0
3043.0,0.0
3044.0,0.0
3045.0,0.0
3046.0,0.0
3047.0,0.0
3048.0,0.0
3049.0,0.0
3050.0,0.0
3051.0,0.0
3052.0,0.0
3053.0,0.0
3054.0,8.073e-321
3055.0,4.819807e-317
3056.0,3.926782715e-313
3057.0,3.02646861803295e-309
3058.0,2.2067497159583263e-305
3059.0,1.5222556128824121e-301
3060.0,9.934355316883516e-298
3061.0,6.133514474740307e-294
3062.0,3.5825866255582854e-290
3063.0,1.979710134694659e-286
3064.0,1.034961305130245e-282
3065.0,5.118753541669687e-279
3066.0,2.3950904921578937e-275
3067.0,1.060223031319757e-271
3068.0,4.440073322623223e-268
3069.0,1.7591409978260286e-264
3070.0,6.593693547439343e-261
3071.0,2.3381612977560692e-257
3072.0,7.844003464715124e-254
3073.0,2.4895375798675634e-250
3074.0,7.47510325964048e-247
3075.0,2.1234073023642983e-243
3076.0,5.706463150583038e-240
3077.0,1.450836016028453e-236
3078.0,3.4896931374948116e-233
3079.0,7.940973579055768e-230
3080.0,1.7095344738477504e-226
3081.0,3.481765962875362e-223
3082.0,6.708707979521247e-220
3083.0,1.2229136740453289e-216
3084.0,2.1089695751673803e-213
3085.0,3.4408237576698566e-210
3086.0,5.31094913799573e-207
3087.0,7.755315255700729e-204
3088.0,1.0713820637254117e-200
3089.0,1.400254208348211e-197
3090.0,1.7313584944411683e-194
3091.0,2.0252783391482647e-191
3092.0,2.2413002212532406e-188
3093.0,2.3465669548764298e-185
3094.0,2.3242533594175407e-182
3095.0,2.1779684512988103e-179
3096.0,1.930800053081869e-176
3097.0,1.6193496060966754e-173
3098.0,1.2848769500982771e-170
3099.0,9.644951692622076e-168
3100.0,6.849457507042756e-165
3101.0,4.601822837038721e-162
3102.0,2.924968643088591e-159
3103.0,1.7588553924096118e-156
3104.0,1.0005911444215922e-153
3105.0,5.3851868369356046e-151
3106.0,2.7419687229771243e-148
3107.0,1.3208144694082956e-145
3108.0,6.019199525627218e-143
3109.0,2.595095004624822e-140
3110.0,1.0584866479895447e-137
3111.0,4.0844643220893975e-135
3112.0,1.4910850982286695e-132
3113.0,5.149764313437254e-130
3114.0,1.6826348405576936e-127
3115.0,5.201277216082746e-125
3116.0,1.5210648336926043e-122
3117.0,4.2082647140359014e-120
3118.0,1.1014783764452593e-117
3119.0,2.727510940459697e-115
3120.0,6.389614061246556e-113
3121.0,1.4161209682893213e-110
3122.0,2.9692289065926813e-108
3123.0,5.889855049340514e-106
3124.0,1.1053075437124898e-103
3125.0,1.9623626157359965e-101
3126.0,3.296043916748107e-99
3127.0,5.237503400356327e-97
3128.0,7.873598166810412e-95
3129.0,1.1197982270803985e-92
3130.0,1.5066899967377799e-90
3131.0,1.9178985666484917e-88
3132.0,2.3096435751246555e-86
3133.0,2.6313698543116715e-84
3134.0,2.836197211593999e-82
3135.0,2.892068377253249e-80
3136.0,2.7899620005529934e-78
3137.0,2.5462768404846328e-76
3138.0,2.198520664722071e-74
3139.0,1.79586251087983e-72
3140.0,1.3878202411940123e-70
3141.0,1.0146375960501726e-68
3142.0,7.017885593059818e-67
3143.0,4.592183331136408e-65
3144.0,2.8428225519717304e-63
3145.0,1.6649373135646233e-61
3146.0,9.2249415145661e-60
3147.0,4.8355620070658224e-58
3148.0,2.397992896445311e-56
3149.0,1.1250360221117233e-54
3150.0,4.993471372983558e-53
3151.0,2.0967965872357818e-51
3152.0,8.329666968104604e-50
3153.0,3.130520667812238e-48
3154.0,1.1130716285572366e-46
3155.0,3.744098373803292e-45
3156.0,1.1914861252240854e-43
3157.0,3.5871400107241056e-42
3158.0,1.0217044081038613e-40
3159.0,2.7530861811285642e-39
3160.0,7.018300289333791e-38
3161.0,1.6926286451002353e-36
3162.0,3.861971164576365e-35
3163.0,8.336312137082834e-34
3164.0,1.702380001039457e-32
3165.0,3.288945296943949e-31
3166.0,6.011382905686507e-30
3167.0,1.039464673209698e-28
3168.0,1.7004453415211482e-27
3169.0,2.631680845849079e-26
3170.0,3.8531983245035877e-25
3171.0,5.337367493954921e-24
3172.0,6.994399756021314e-23
3173.0,8.671443415123924e-22
3174.0,1.0170678799944863e-20
3175.0,1.1285637178089427e-19
3176.0,1.184731209626432e-18
3177.0,1.1766063149594128e-17
3178.0,1.105503497607727e-16
3179.0,9.826676686005518e-16
3180.0,8.263629054954257e-15
3181.0,6.57434606410661e-14
3182.0,4.94825313355365e-13
3183.0,3.5234560289334035e-12
3184.0,2.3735774325064432e-11
3185.0,1.5127095634985885e-10
3186.0,9.120639732336969e-10
3187.0,5.2025067268503086e-09
3188.0,2.8074860040452497e-08
3189.0,1.433310062019047e-07
3190.0,6.922776325881234e-07
3191.0,3.1632830214569662e-06
3192.0,1.36745612605134e-05
3193.0,5.5925046305288655e-05
3194.0,0.00021637989409467687
3195.0,0.0007920362443425963
3196.0,0.0027427789517769966
3197.0,0.008985746462491541
3198.0,0.02785063576222803
3199.0,0.08166456757875161
3200.0,0.22654256862490343
3201.0,0.5945434163875433
3202.0,1.4761650840187122
3203.0,3.467399508826791
3204.0,7.705315719983706
3205.0,16.19923828162907
3206.0,32.21931845261871
3207.0,60.625551933049096
3208.0,107.92266518129253
3209.0,181.75535640770352
3210.0,289.58720925810815
3211.0,436.5049098763366
3212.0,622.4672272393757
3213.0,839.7721138120512
3214.0,1071.8253081186278
3215.0,1294.2082570172836
3216.0,1478.4339450440987
3217.0,1597.7811196464163
3218.0,1633.6170023963703
3219.0,1580.1590580728828
3220.0,1446.0022395523133
3221.0,1251.8570126037603
3222.0,1025.3168337956577
3223.0,794.4728297788484
3224.0,582.3949644351529
3225.0,403.89992596886646
3226.0,265.0010142926044
3227.0,164.4897722125725
3228.0,96.59349105863188
3229.0,53.66293552325704
3230.0,28.204512022084234
3231.0,14.024272913973972
3232.0,6.597201048182628
3233.0,2.936004280187657
3234.0,1.2361502179908903
3235.0,0.4923834143418564
3236.0,0.1855466773312581
3237.0,0.06614858341146042
3238.0,0.022310305380845642
3239.0,0.007118821149733194
3240.0,0.002148959593141611
3241.0,0.0006137139814636302
3242.0,0.0001658140723386142
3243.0,4.238325958390426e-05
3244.0,1.0249080941848392e-05
3245.0,2.344731360990329e-06
3246.0,5.074799188825054e-07
3247.0,1.0391116924792557e-07
3248.0,2.012904644616446e-08
3249.0,3.6889415376202143e-09
3250.0,6.395845194992994e-10
3251.0,1.0490875059372255e-10
3252.0,1.6279575886088065e-11
3253.0,2.3899678482121595e-12
3254.0,3.31939267169299e-13
3255.0,4.3615695640302336e-14
3256.0,5.4218135444915845e-15
3257.0,6.376232133264797e-16
3258.0,7.09445774913335e-17
3259.0,7.50104355348391e-18
3260.0,1.10724929392595e-18
3261.0,3.7628107607530364e-18
3262.0,3.5480467258049447e-17
3263.0,3.223985775493578e-16
3264.0,2.7719763520650213e-15
3265.0,2.254780245952951e-14
3266.0,1.735148018012746e-13
3267.0,1.2632416495332853e-12
3268.0,8.70069498273259e-12
3269.0,5.669425493922259e-11
3270.0,3.4949563892857156e-10
3271.0,2.0382716776534212e-09
3272.0,1.1246049200888143e-08
3273.0,5.8702350186610084e-08
3274.0,2.898869059086382e-07
3275.0,1.3543138169062973e-06
3276.0,5.985874675821139e-06
3277.0,2.5029578203728075e-05
3278.0,9.901409957107718e-05
3279.0,0.0003705596727012752
3280.0,0.0013120091571716052
3281.0,0.004394739919543906
3282.0,0.013926663796897262
3283.0,0.041752126970665195
3284.0,0.11842072566374597
3285.0,0.3177564917033635
3286.0,0.8066381275257549
3287.0,1.9372276565463704
3288.0,4.401494620781667
3289.0,9.461005406026159
3290.0,19.239421361451548
3291.0,37.01385523888876
3292.0,67.36809059259858
3293.0,116.00100583128017
3294.0,188.96739314666158
3295.0,291.22562716124696
3296.0,424.60969575284247
3297.0,585.6900213503545
3298.0,764.2990911732039
3299.0,943.5750784451625
3300.0,1102.0649259934758
3301.0,1217.742603166446
3302.0,1272.9795296701875
3303.0,1258.939731992105
3304.0,1177.8935956053906
3305.0,1042.6169504242582
3306.0,873.0941982715342
3307.0,691.6956170873434
3308.0,518.4257272749979
3309.0,367.60013968746114
3310.0,246.59393463866022
3311.0,156.49725095296267
3312.0,93.96121766816611
3313.0,53.371346513014814
3314.0,28.68040525952383
3315.0,14.58075484381675
3316.0,7.01281419700193
3317.0,3.1909665926687727
3318.0,1.373630048987383
3319.0,0.5594160318803725
3320.0,0.21553491585976298
3321.0,0.07856298219649481
3322.0,0.027091676886010323
3323.0,0.008838354448397534
3324.0,0.002727875477115715
3325.0,0.0007965174034589725
3326.0,0.0002200308605868036
3327.0,5.750287061781277e-05
3328.0,1.4217166662358342e-05
3329.0,3.3254788004719565e-06
3330.0,7.358900198168119e-07
3331.0,1.5405976917182728e-07
3332.0,3.051287802524687e-08
3333.0,5.717349001032677e-09
3334.0,1.0135001895395605e-09
3335.0,1.6996933115155765e-10
3336.0,2.6967140443366577e-11
3337.0,4.047779334233743e-12
3338.0,5.747994726360491e-13
3339.0,7.722065722167178e-14
3340.0,9.814501064744519e-15
3341.0,1.1801047535018093e-15
3342.0,1.342426427711348e-16
3343.0,1.444701179178508e-17
3344.0,1.4709000460216809e-18
3345.0,1.416791348434227e-19
3346.0,1.2910594211520786e-20
3347.0,1.113023070808652e-21
3348.0,9.077781019648353e-23
3349.0,7.004430625266021e-24
3350.0,5.1130916175877955e-25
3351.0,3.5311154031017254e-26
3352.0,2.3070544697640065e-27
3353.0,1.4260061081895443e-28
3354.0,8.33878014295771e-30
3355.0,4.61318914721273e-31
3356.0,2.4144465749871697e-32
3357.0,1.1955053911396172e-33
3358.0,5.600194078796701e-35
3359.0,2.4818310720989253e-36
3360.0,1.0405404254227516e-37
3361.0,4.127273961611807e-39
3362.0,1.5487639747731044e-40
3363.0,5.498253748717615e-42
3364.0,1.846638646432447e-43
3365.0,5.867548145045898e-45
3366.0,1.7637986413397615e-46
3367.0,5.016016379625945e-48
3368.0,1.3495422596042588e-49
3369.0,3.4350386785329634e-51
3370.0,8.27169238053496e-53
3371.0,1.8844070421103158e-54
3372.0,4.0613709917228257e-56
3373.0,8.281103390702103e-58
3374.0,1.5974282171843576e-59
3375.0,2.915225113916157e-61
3376.0,5.033156587615914e-63
3377.0,8.2210329293414e-65
3378.0,1.2703691358951247e-66
3379.0,1.8571675225987545e-68
3380.0,2.568560662630024e-70
3381.0,3.360827128820912e-72
3382.0,4.16025663273893e-74
3383.0,4.872049246622334e-76
3384.0,5.397850072216464e-78
3385.0,5.657799672241804e-80
3386.0,5.610375314772803e-82
3387.0,5.263248365201243e-84
3388.0,4.6712532583664634e-86
3389.0,3.922207480959355e-88
3390.0,3.115625960965583e-90
3391.0,2.34141105493679e-92
3392.0,1.6646679399412803e-94
3393.0,1.119683212301657e-96
3394.0,7.1249253489257666e-99
3395.0,4.289266893041178e-101
3396.0,2.442887249336594e-103
3397.0,1.3162590656893222e-105
3398.0,6.7096046102015644e-108
3399.0,3.235713655779443e-110
3400.0,1.4762531438495649e-112
3401.0,6.371903494250385e-115
3402.0,2.6019272168934566e-117
3403.0,1.0051681031435346e-119
3404.0,3.673667564733178e-122
3405.0,1.2702190135693883e-124
3406.0,4.15503766609213e-127
3407.0,1.285845890540106e-129
3408.0,3.7646142145283716e-132
3409.0,1.0427246360372939e-134
3410.0,2.7323503918605524e-137
3411.0,6.7736187554561e-140
3412.0,1.588629808209071e-142
3413.0,3.524863189526931e-145
3414.0,7.399108979243942e-148
3415.0,1.4693801982466304e-150
3416.0,2.76061944147302e-153
3417.0,4.906779043463019e-156
3418.0,8.250952021147386e-159
3419.0,1.3125903952644807e-161
3420.0,1.9754770228508145e-164
3421.0,2.8127578388215828e-167
3422.0,3.788875239681064e-170
3423.0,4.828429189646104e-173
3424.0,5.82128723395525e-176
3425.0,6.639720394470159e-179
3426.0,7.164702368058681e-182
3427.0,7.314154282630867e-185
3428.0,7.063951038519604e-188
3429.0,6.454295487470792e-191
3430.0,5.579144480901743e-194
3431.0,4.5625115068889754e-197
3432.0,3.5298637119172094e-200
3433.0,2.583625145710431e-203
3434.0,1.789034304843905e-206
3435.0,1.1719941236042116e-209
3436.0,7.263564549205336e-213
3437.0,4.258844339084964e-216
3438.0,2.362388575864815e-219
3439.0,1.2397339686885486e-222
3440.0,6.1549321337019516e-226
3441.0,2.8909170903352503e-229
3442.0,1.284593158888891e-232
3443.0,5.400241393998404e-236
3444.0,2.147723368074757e-239
3445.0,8.08092566496399e-243
3446.0,2.8764808127531836e-246
3447.0,9.686780335687202e-250
3448.0,3.086135724177095e-253
3449.0,9.301825597821439e-257
3450.0,2.6523996603107073e-260
3451.0,7.155291562839025e-264
3452.0,1.8261367932438897e-267
3453.0,4.4091703560820787e-271
3454.0,1.0071590310283637e-274
3455.0,2.1764907418092426e-278
3456.0,4.449725261701945e-282
3457.0,8.606511844171202e-286
3458.0,1.574848367543401e-289
3459.0,2.726264062668413e-293
3460.0,4.4649303987486893e-297
3461.0,6.917976273483434e-301
3462.0,1.0140539087475503e-304
3463.0,1.406243794443971e-308
3464.0,1.84492108485e-312
3465.0,2.28987466e-316
3466.0,2.522e-320
3467.0,0.0
3468.0,0.0
3469.0,0.0
3470.0,0.0
3471.0,0.0
3472.0,0.0
3473.0,0.0
3474.0,0.0
3475.0,0.0
3476.0,0.0
3477.0,0.0
3478.0,0.0
3479.0,0.0
3480.0,0.0
3481.0,0.0
3482.0,0.0
3483.0,0.0
3484.0,0.0
3485.0,0.0
3486.0,0.0
3487.0,0.0
3488.0,0.0
3489.0,0.0
3490.0,0.0
3491.0,0.0
3492.0,0.0
3493.0,0.0
3494.0,0.0
3495.0,0.0
3496.0,0.0
3497.0,0.0
3498.0,0.0
3499.0,0.0
3500.0,0.0
3501.0,0.0
3502.0,0.0
3503.0,0.0
3504.0,0.0
3505.0,0.0
3506.0,0.0
3507.0,0.0
3508.0,0.0
3509.0,0.0
3510.0,0.0
3511.0,0.0
3512.0,0.0
3513.0,0.0
3514.0,0.0
3515.0,0.0
3516.0,0.0
3517.0,0.0
3518.0,0.0
3519.0,1.4807e-320
3520.0,1.20492013e-316
3521.0,9.6541763187e-313
3522.0,7.317956276995975e-309
3523.0,5.247857029910337e-305
3524.0,3.5603425091992036e-301
3525.0,2.2851734245648588e-297
3526.0,1.387599549888821e-293
3527.0,7.971255619218104e-290
3528.0,4.332184282242637e-286
3529.0,2.2274333042989496e-282
3530.0,1.0834779959517585e-278
3531.0,4.986009286200242e-275
3532.0,2.1707193149903682e-271
3533.0,8.940706915385773e-268
3534.0,3.483835552535519e-264
3535.0,1.284283891861554e-260
3536.0,4.479009921137554e-257
3537.0,1.4778168489265048e-253
3538.0,4.6129293526645215e-250
3539.0,1.3622304799975136e-246
3540.0,3.805765140265229e-243
3541.0,1.0058911206390578e-239
3542.0,2.515229196019691e-236
3543.0,5.9500656419161e-233
3544.0,1.33162993247751e-229
3545.0,2.819440544774226e-226
3546.0,5.647548031794743e-223
3547.0,1.0702236060418037e-219
3548.0,1.9186984254736467e-216
3549.0,3.2542919555604275e-213
3550.0,5.221844157835931e-210
3551.0,7.927000774987146e-207
3552.0,1.1384435350282646e-203
3553.0,1.5467911908317608e-200
3554.0,1.9882431060108986e-197
3555.0,2.4178250947040868e-194
3556.0,2.7816204896742706e-191
3557.0,3.0275301234502526e-188
3558.0,3.1174297068652656e-185
3559.0,3.0368438838482326e-182
3560.0,2.798761324487622e-179
3561.0,2.440208083803375e-176
3562.0,2.012822411998365e-173
3563.0,1.5707304313035112e-170
3564.0,1.1596193577869033e-167
3565.0,8.099288249390878e-165
3566.0,5.35175045837844e-162
3567.0,3.345510942122343e-159
3568.0,1.978548291232887e-156
3569.0,1.1070021265384442e-153
3570.0,5.859598456357317e-151
3571.0,2.934302320246469e-148
3572.0,1.3901429402243685e-145
3573.0,6.230625673769954e-143
3574.0,2.6419309490041905e-140
3575.0,1.0598120789295016e-137
3576.0,4.022109295625032e-135
3577.0,1.4440973499176534e-132
3578.0,4.905199491296357e-130
3579.0,1.576284040467956e-127
3580.0,4.7921442527613e-125
3581.0,1.37829724244249e-122
3582.0,3.750364613049211e-120
3583.0,9.654320171530241e-118
3584.0,2.3511887935322157e-115
3585.0,5.417150595808758e-113
3586.0,1.1807879578203708e-110
3587.0,2.4349526594614532e-108
3588.0,4.75036225029175e-106
3589.0,8.767596132595613e-104
3590.0,1.5309180520162037e-101
3591.0,2.528954129776133e-99
3592.0,3.952278688576416e-97
3593.0,5.843482790104286e-95
3594.0,8.173603727161942e-93
3595.0,1.0816157131585029e-90
3596.0,1.3540976913241603e-88
3597.0,1.6037793149158856e-86
3598.0,1.7970361689862039e-84
3599.0,1.9049633696145498e-82
3600.0,1.9104428049081433e-80
3601.0,1.8125877967305453e-78
3602.0,1.6269779370483783e-76
3603.0,1.3815985725641523e-74
3604.0,1.1099404744549675e-72
3605.0,8.435971450912473e-71
3606.0,6.065800388529828e-69
3607.0,4.126280316474167e-67
3608.0,2.6555038911490863e-65
3609.0,1.6167868060930553e-63
3610.0,9.31271197150963e-62
3611.0,5.074779607897404e-60
3612.0,2.616229277363404e-58
3613.0,1.2760039449846197e-56
3614.0,5.887702170785542e-55
3615.0,2.5701427739812263e-53
3616.0,1.0614175549458774e-51
3617.0,4.1469889990303335e-50
3618.0,1.5328409732735664e-48
3619.0,5.360174378160712e-47
3620.0,1.773284167613202e-45
3621.0,5.550030311631736e-44
3622.0,1.643349639391095e-42
3623.0,4.603436883133292e-41
3624.0,1.2199780377332463e-39
3625.0,3.05871795425265e-38
3626.0,7.255117535153745e-37
3627.0,1.6280475050201326e-35
3628.0,3.456267073115598e-34
3629.0,6.941688402039295e-33
3630.0,1.3189870657137971e-31
3631.0,2.371010944687095e-30
3632.0,4.0322196431435114e-29
3633.0,6.487425799445515e-28
3634.0,9.874570766974398e-27
3635.0,1.4219412393855172e-25
3636.0,1.9371474247614514e-24
3637.0,2.4966708895806292e-23
3638.0,3.0442304235312413e-22
3639.0,3.511650991253867e-21
3640.0,3.8323288772566746e-20
3641.0,3.9566879200500575e-19
3642.0,3.8647234541641854e-18
3643.0,3.571269698508659e-17
3644.0,3.122083221484828e-16
3645.0,2.5821644763960378e-15
3646.0,2.020416605436998e-14
3647.0,1.4956003451936396e-13
3648.0,1.0473884598961923e-12
3649.0,6.939331148051185e-12
3650.0,4.349557147046427e-11
3651.0,2.579229991099386e-10
3652.0,1.44694725190051e-09
3653.0,7.679499719538318e-09
3654.0,3.855944361999734e-08
3655.0,1.831665599573618e-07
3656.0,8.231504494029435e-07
3657.0,3.49969220806673e-06
3658.0,1.4076610111838145e-05
3659.0,5.3565345872754394e-05
3660.0,0.0001928356586221429
3661.0,0.000656762546080131
3662.0,0.0021161527372742734
3663.0,0.006450646509451818
3664.0,0.018602746883125274
3665.0,0.05075379376684783
3666.0,0.13100188496723758
3667.0,0.3198925892076616
3668.0,0.739006764755615
3669.0,1.6151402831398929
3670.0,3.339563336124507
3671.0,6.532609832654611
3672.0,12.08930560959777
3673.0,21.16574662533214
3674.0,35.057700760681314
3675.0,54.93521985381087
3676.0,81.4396511095399
3677.0,114.2190496537077
3678.0,151.55099099664727
3679.0,190.23771424921836
3680.0,225.91863640836948
3681.0,253.81956609784328
3682.0,269.7837188729611
3683.0,271.2838729319506
3684.0,258.07730639423676
3685.0,232.27007379072342
3686.0,197.76721552823156
3687.0,159.3062960810633
3688.0,121.40293380626399
3689.0,87.52719766761287
3690.0,59.7000185956654
3691.0,38.52330233941954
3692.0,23.51744582390637
3693.0,13.582333680101577
3694.0,7.421235945328029
3695.0,3.8361509106141476
3696.0,1.8759995421517124
3697.0,0.8679353416749775
3698.0,0.37989153641874984
3699.0,0.15730751247565564
3700.0,0.06162499675533692
3701.0,0.022839256167248294
3702.0,0.008008009914948872
3703.0,0.002656347260375942
3704.0,0.0008336095787675713
3705.0,0.0002474902782492014
3706.0,6.951382590356274e-05
3707.0,1.8471486215252515e-05
3708.0,4.643549599857898e-06
3709.0,1.1043734003495e-06
3710.0,2.484845478817919e-07
3711.0,5.289327240306776e-08
3712.0,1.065170393843229e-08
3713.0,2.029342436508914e-09
3714.0,3.6577093116020386e-10
3715.0,6.237070297549934e-11
3716.0,1.0061661220410995e-11
3717.0,1.5355937723398684e-12
3718.0,2.2171781715985063e-13
3719.0,3.0286036869292384e-14
3720.0,3.91382947432667e-15
3721.0,4.78496706267561e-16
3722.0,5.534439013886516e-17
3723.0,6.05599990939667e-18
3724.0,6.269251820149137e-19
3725.0,6.139927579153634e-20
3726.0,5.689056049626741e-21
3727.0,5.007322372111127e-22
3728.0,6.704009092652016e-23
3729.0,3.055368075700059e-22
3730.0,3.3658773983225213e-21
3731.0,3.5451041456426276e-20
3732.0,3.5327498313867786e-19
3733.0,3.3305853270428655e-18
3734.0,2.970661291345052e-17
3735.0,2.5067567349305193e-16
3736.0,2.0012422565618765e-15
3737.0,1.511534037616077e-14
3738.0,1.0801147386089629e-13
3739.0,7.302290390103225e-13
3740.0,4.670785320778265e-12
3741.0,2.826621476899085e-11
3742.0,1.618448567407184e-10
3743.0,8.767821852034392e-10
3744.0,4.494237604034376e-09
3745.0,2.179736932890838e-08
3746.0,1.0003477364938418e-07
3747.0,4.344256409704726e-07
3748.0,1.7853385888892369e-06
3749.0,6.943766510041253e-06
3750.0,2.5560810775025286e-05
3751.0,8.906425361753367e-05
3752.0,0.0002937897654309679
3753.0,0.0009175780191078518
3754.0,0.0027139889472599906
3755.0,0.007603939183054584
3756.0,0.020186810338392522
3757.0,0.05079965982795419
3758.0,0.12123371027388612
3759.0,0.27454244609894723
3760.0,0.5903796053752324
3761.0,1.206617449466366
3762.0,2.3462979937225
3763.0,4.34627319305831
3764.0,7.680785295375296
3765.0,12.970860335500934
3766.0,20.96989391096922
3767.0,32.517549002581006
3768.0,48.45714126902651
3769.0,69.51457840663672
3770.0,96.1395129701263
3771.0,128.31453017416203
3772.0,165.35085582744713
3773.0,205.71159346047
3774.0,246.92966633970988
3775.0,285.70077740660145
3776.0,318.21160220750386
3777.0,340.7006972775051
3778.0,350.1584602497548
3779.0,344.9908089897529
3780.0,325.44359097458755
3781.0,293.6363201362327
3782.0,253.1722902318024
3783.0,208.4301626777258
3784.0,163.74118471677582
3785.0,122.67665965574942
3786.0,87.61034144189931
3787.0,59.613306155199524
3788.0,38.63260421031696
3789.0,23.838189910075577
3790.0,14.009496144783188
3791.0,7.863433815151082
3792.0,4.276035132514979
3793.0,2.397095008135495
3794.0,1.6867355483812858
3795.0,1.9113872752741714
3796.0,3.1282713732344813
3797.0,5.669038946113498
3798.0,10.11200609874879
3799.0,17.215707024143654
3800.0,27.782130926018674
3801.0,42.43311285044871
3802.0,61.31985344450056
3803.0,83.83463208530493
3804.0,108.43394978887815
3805.0,132.6859990170362
3806.0,153.6040295560223
3807.0,168.22778968215437
3808.0,174.30525214550622
3809.0,170.86016022119415
3810.0,158.44872383995713
3811.0,139.01263723765936
3812.0,115.38182919153392
3813.0,90.60207777971468
3814.0,67.3064208816855
3815.0,47.30340953790236
3816.0,31.451839059247227
3817.0,19.784157641916195
3818.0,11.773583491463038
3819.0,6.628720678863862
3820.0,3.5313861858368347
3821.0,1.781789835508855
3822.0,0.8563457208655092
3823.0,0.4057290473312151
3824.0,0.2250923295370227
3825.0,0.22196638663025783
3826.0,0.39800672949912635
3827.0,0.8528607017928777
3828.0,1.812592328289126
3829.0,3.67926990759054
3830.0,7.0899261728422935
3831.0,12.96128716730108
3832.0,22.484192964290425
3833.0,37.025501103566896
3834.0,57.90481796472964
3835.0,86.04538316189154
3836.0,121.55049031777706
3837.0,163.31342240597863
3838.0,208.80393627812464
3839.0,254.1620946664243
3840.0,294.66020248624267
3841.0,325.48095220449187
3842.0,342.6437388837105
3843.0,343.8391851093881
3844.0,328.93865669627866
3845.0,300.0350383889742
3846.0,261.01362394901037
3847.0,216.79612524892684
3848.0,172.4943020890917
3849.0,132.72045015588205
3850.0,101.22947494464361
3851.0,80.94057976317279
3852.0,74.25060590379177
3853.0,83.44855002244867
3854.0,110.99894608769176
3855.0,159.4886347849383
3856.0,231.12054485675134
3857.0,326.7751350582646
3858.0,444.82391331541754
3859.0,580.0361938243345
3860.0,723.0179419252764
3861.0,860.5966923117882
3862.0,977.3719393925195
3863.0,1058.2971391212777
3864.0,1091.746366068441
3865.0,1072.216600926904
3866.0,1001.7951775307724
3867.0,889.8488707313631
3868.0,750.9684897591738
3869.0,601.7941700098281
3870.0,457.6932991301396
3871.0,330.2232859613456
3872.0,225.93272404552175
3873.0,146.53595264263814
3874.0,90.06984691175313
3875.0,52.45419620360072
3876.0,28.937330052985917
3877.0,15.119592468490072
3878.0,7.481061300200347
3879.0,3.5049044794518647
3880.0,1.5546619868170568
3881.0,0.6528400606692005
3882.0,0.25951285038959304
3883.0,0.09764891759122389
3884.0,0.034778582992298177
3885.0,0.011723979096387427
3886.0,0.0037406109160781336
3887.0,0.0011295419449326746
3888.0,0.0003228080842787185
3889.0,8.730922169597645e-05
3890.0,2.2348184909181073e-05
3891.0,5.4135808540770295e-06
3892.0,1.2410289265265449e-06
3893.0,2.6923373061287367e-07
3894.0,5.527430425186244e-08
3895.0,1.0738899813101097e-08
3896.0,1.9744030627996123e-09
3897.0,3.4351721786879763e-10
3898.0,5.655816149222723e-11
3899.0,8.811985331348044e-12
3900.0,1.2992172009143587e-12
3901.0,1.8126636509288882e-13
3902.0,2.3931958138544084e-14
3903.0,2.989943390486824e-15
3904.0,3.534839375548984e-16
3905.0,3.954546860809102e-17
3906.0,4.186417053694495e-18
3907.0,4.1937779285996424e-19
3908.0,3.975429358856325e-20
3909.0,3.565963242544837e-21
3910.0,3.0267912423782604e-22
3911.0,2.4310812121777283e-23
3912.0,1.84767887493962e-24
3913.0,1.3288079301828053e-25
3914.0,9.042849630592237e-27
3915.0,5.823103369329598e-28
3916.0,3.5482034778556177e-29
3917.0,2.0458138692387764e-30
3918.0,1.1161590384244178e-31
3919.0,5.7621850335784716e-33
3920.0,2.8148048721585894e-34
3921.0,1.301092573401693e-35
3922.0,5.690700977720265e-37
3923.0,2.3551570372626816e-38
3924.0,9.222940390969245e-40
3925.0,3.417537338450354e-41
3926.0,1.1982581597143698e-42
3927.0,3.9753898545528123e-44
3928.0,1.2479587130705963e-45
3929.0,3.7068998161091657e-47
3930.0,1.0418629908710135e-48
3931.0,2.770757475651532e-50
3932.0,6.97226010818191e-52
3933.0,1.6601023042008962e-53
3934.0,3.740084244453784e-55
3935.0,7.972825308688932e-57
3936.0,1.608149905123011e-58
3937.0,3.069186845702496e-60
3938.0,5.542449688876779e-62
3939.0,9.470239286315367e-64
3940.0,1.53108763843973e-65
3941.0,2.3421688939849993e-67
3942.0,3.390116311574599e-69
3943.0,4.642890087119142e-71
3944.0,6.016429283671017e-73
3945.0,7.376749717036321e-75
3946.0,8.557882516557234e-77
3947.0,9.393811985296115e-79
3948.0,9.756429795220343e-81
3949.0,9.587662921641212e-83
3950.0,8.914697900019753e-85
3951.0,7.842812331727741e-87
3952.0,6.528413047636092e-89
3953.0,5.141778141034531e-91
3954.0,3.8316714414376372e-93
3955.0,2.7016664515900473e-95
3956.0,1.8023663373573636e-97
3957.0,1.1376839074667125e-99
3958.0,6.794644233092033e-102
3959.0,3.8395271895524144e-104
3960.0,2.052835072405429e-106
3961.0,1.0384725792472457e-108
3962.0,4.970499752745835e-111
3963.0,2.2509638578155344e-113
3964.0,9.644946696230222e-116
3965.0,3.910149807837009e-118
3966.0,1.4998527878092382e-120
3967.0,5.443333858882466e-123
3968.0,1.8691400455509987e-125
3969.0,6.072656087968312e-128
3970.0,1.866701830349168e-130
3971.0,5.429128217255479e-133
3972.0,1.4939758737451273e-135
3973.0,3.8896890133870514e-138
3974.0,9.581719718840751e-141
3975.0,2.2332061491175796e-143
3976.0,4.924593936004366e-146
3977.0,1.0274667855572225e-148
3978.0,2.0282449984741378e-151
3979.0,3.7881555226308623e-154
3980.0,6.694057932415787e-157
3981.0,1.1191928618059779e-159
3982.0,1.770409460525742e-162
3983.0,2.6496918415513394e-165
3984.0,3.752056845783355e-168
3985.0,5.026843766513125e-171
3986.0,6.371957216459076e-174
3987.0,7.641900061569416e-177
3988.0,8.671224987168921e-180
3989.0,9.309143355060816e-183
3990.0,9.455591763230748e-186
3991.0,9.086926506963256e-189
3992.0,8.262171462398955e-192
3993.0,7.10754899140444e-195
3994.0,5.7848696847617096e-198
3995.0,4.45466399919495e-201
